time,yaw,pitch,roll,surge
23:04:15.748,0,0,0,0
23:04:15.808,3.04,-23.7,0,0
23:04:15.860,3.04,-23.69,-5,0
23:04:15.918,3.03,-23.7,-6,0
23:04:15.975,3.04,-23.7,-5,0
23:04:16.033,3.05,-23.69,-5,0
23:04:16.094,3.05,-23.7,-6,0
23:04:16.151,3.05,-23.69,-6,0
23:04:16.208,3.04,-23.69,-6,0
23:04:16.267,3.04,-23.69,-6,0
23:04:16.326,3.03,-23.69,-6,0
23:04:16.383,3.03,-23.7,-6,0
23:04:16.443,3.04,-23.68,-6,0
23:04:16.500,3.05,-23.68,-6,0
23:04:16.557,3.05,-23.68,-6,0
23:04:16.621,3.05,-23.66,-6,0
23:04:16.676,3.05,-23.67,-6,0
23:04:16.732,3.04,-23.67,-6,0
23:04:16.791,3.04,-23.69,-6,0
23:04:16.853,3.04,-23.68,-6,0
23:04:16.908,3.03,-23.69,-6,0
23:04:16.966,3.03,-23.69,-6,0
23:04:17.022,3.02,-23.69,-6,0
23:04:17.084,3.02,-23.7,-6,0
23:04:17.144,3.02,-23.7,-6,0
23:04:17.204,3.02,-23.71,-6,0
23:04:17.258,3.02,-23.72,-6,0
23:04:17.317,3.01,-23.7,-6,0
23:04:17.378,3.01,-23.7,-6,0
23:04:17.434,3.03,-23.68,-10,1
23:04:17.495,3.03,-23.7,-10,1
23:04:17.552,3.03,-23.69,-11,1
23:04:17.614,3.03,-23.7,-11,1
23:04:17.671,3.02,-23.7,-11,1
23:04:17.733,3.02,-23.69,-11,1
23:04:17.790,3.03,-23.7,-11,1
23:04:17.847,3.03,-23.69,-11,1
23:04:17.909,3.04,-23.69,-11,1
23:04:17.969,3.04,-23.7,-11,1
23:04:18.028,3.04,-23.71,-11,1
23:04:18.084,3.04,-23.69,-11,1
23:04:18.147,3.03,-23.7,-11,1
23:04:18.204,3.03,-23.71,-12,1
23:04:18.267,3.03,-23.71,-12,1
23:04:18.323,3.02,-23.72,-12,1
23:04:18.385,3.02,-23.72,-12,1
23:04:18.441,3.03,-23.73,-12,1
23:04:18.503,3.04,-23.73,-12,1
23:04:18.559,3.04,-23.71,-10,1
23:04:18.621,3.05,-23.71,-11,1
23:04:18.679,3.05,-23.71,-11,1
23:04:18.740,3.05,-23.72,-11,1
23:04:18.798,3.04,-23.72,-11,1
23:04:18.858,3.04,-23.71,-11,1
23:04:18.919,3.03,-23.72,-11,1
23:04:18.978,3.03,-23.71,-11,1
23:04:19.036,3.03,-23.71,-12,1
23:04:19.098,3.03,-23.7,-11,1
23:04:19.154,3.03,-23.68,-10,1
23:04:19.216,3.04,-23.69,-11,1
23:04:19.271,3.04,-23.65,-11,1
23:04:19.334,3.04,-23.67,-11,1
23:04:19.391,3.04,-23.68,-11,1
23:04:19.449,3.04,-23.68,-11,1
23:04:19.509,3.04,-23.69,-11,1
23:04:19.568,3.03,-23.7,-11,1
23:04:19.629,3.03,-23.68,-12,1
23:04:19.685,3.05,-23.68,-11,1
23:04:19.747,3.09,-23.66,-11,1
23:04:19.804,3.06,-23.69,-11,1
23:04:19.867,3.08,-23.7,-11,1
23:04:19.923,3.08,-23.69,-11,1
23:04:19.985,3.06,-23.69,-11,1
23:04:20.041,3.07,-23.69,-11,1
23:04:20.102,3.07,-23.69,-11,1
23:04:20.162,3.05,-23.68,-12,1
23:04:20.224,3.06,-23.67,-10,1
23:04:20.281,3.05,-23.67,-10,1
23:04:20.341,3.05,-23.65,-11,1
23:04:20.398,3.05,-23.65,-12,1
23:04:20.461,3.05,-23.66,-12,1
23:04:20.517,3.07,-23.61,-3,0
23:04:20.576,2.96,-23.69,-2,0
23:04:20.631,2.95,-23.63,-2,0
23:04:20.694,3.1,-23.63,-2,0
23:04:20.752,3.09,-23.64,-2,0
23:04:20.809,3.01,-23.62,-2,0
23:04:20.867,3.02,-23.59,-2,0
23:04:20.927,2.98,-23.49,-12,2
23:04:20.986,3.34,-22.36,0,3
23:04:21.042,3.31,-21.58,44,2
23:04:21.099,3.13,-20.35,66,0
23:04:21.155,2.47,-18.97,66,0
23:04:21.215,1.84,-17.92,66,0
23:04:21.272,1.3,-16.37,69,0
23:04:21.327,0.97,-14.75,71,-1
23:04:21.384,0.7,-13.11,73,-1
23:04:21.444,0.36,-11.45,74,-2
23:04:21.500,0.04,-9.83,82,-6
23:04:21.561,-0.4,-8.5,82,-7
23:04:21.619,-0.81,-7.51,87,-9
23:04:21.675,-1.07,-6.2,88,-9
23:04:21.734,-1.18,-4.91,88,-9
23:04:21.794,-1.29,-3.84,87,-9
23:04:21.853,-1.47,-2.91,88,-9
23:04:21.910,-1.73,-2.14,88,-9
23:04:21.968,-2.2,-1.46,90,-9
23:04:22.025,-2.62,-1.04,87,-9
23:04:22.086,-2.81,-0.62,87,-9
23:04:22.142,-3.06,-0.18,90,-9
23:04:22.201,-3.16,0,94,-10
23:04:22.258,-3.02,0.07,95,-11
23:04:22.321,-2.39,0.2,95,-11
23:04:22.378,-1.36,0.29,95,-11
23:04:22.433,-0.21,0.38,95,-11
23:04:22.493,1.06,0.48,95,-11
23:04:22.549,2.14,0.65,95,-12
23:04:22.605,3.28,0.75,95,-12
23:04:22.664,4.2,0.94,95,-12
23:04:22.722,5.13,1.15,95,-12
23:04:22.780,6.15,1.39,95,-12
23:04:22.835,7.37,1.59,95,-12
23:04:22.894,8.41,1.79,95,-12
23:04:22.950,9.49,2.07,83,-9
23:04:23.009,10.55,2.23,82,-8
23:04:23.064,11.65,2.35,82,-8
23:04:23.122,12.97,2.48,82,-10
23:04:23.180,14.31,2.66,82,-12
23:04:23.237,15.51,2.64,82,-13
23:04:23.295,16.58,2.72,82,-13
23:04:23.355,17.48,2.64,81,-12
23:04:23.414,18.37,2.64,72,-6
23:04:23.471,19.38,2.72,72,-4
23:04:23.527,19.88,2.66,80,-4
23:04:23.589,20.09,2.5,80,-3
23:04:23.647,20.01,2.34,80,-3
23:04:23.704,19.73,2.34,81,-3
23:04:23.762,19.35,2.34,92,-5
23:04:23.818,18.85,2.39,93,-5
23:04:23.881,18.26,2.49,85,-1
23:04:23.939,17.12,2.68,52,32
23:04:23.995,15.59,2.78,39,34
23:04:24.053,13.8,3.07,42,28
23:04:24.110,11.6,3.38,42,32
23:04:24.166,9.4,3.73,42,34
23:04:24.225,7.52,4.07,45,29
23:04:24.278,5.59,4.4,44,33
23:04:24.335,3.74,4.58,39,42
23:04:24.391,1.8,4.62,39,42
23:04:24.449,-0.03,4.82,40,40
23:04:24.507,-2,4.73,43,33
23:04:24.564,-3.72,4.61,46,31
23:04:24.620,-5.74,4.41,46,32
23:04:24.677,-7.6,4.03,48,30
23:04:24.735,-9.4,3.77,49,30
23:04:24.794,-11.3,3.55,49,29
23:04:24.849,-12.93,3.3,49,29
23:04:24.907,-14.47,2.82,48,41
23:04:24.969,-15.64,2.55,50,28
23:04:25.027,-15.18,2.34,50,28
23:04:25.088,-11.82,2.16,119,20
23:04:25.146,-6.16,2.9,104,17
23:04:25.203,0.04,4.07,103,23
23:04:25.260,4.48,3.66,136,27
23:04:25.318,3.2,3.46,126,27
23:04:25.377,-0.7,2.76,142,-60
23:04:25.436,-6.9,1.48,142,-56
23:04:25.493,-9.32,1.18,96,25
23:04:25.550,-7.46,1.69,135,64
23:04:25.611,-1.38,3.08,146,67
23:04:25.667,2.66,4.19,168,67
23:04:25.723,1.25,4.39,216,70
23:04:25.785,-3.75,3.67,211,69
23:04:25.842,-10,2.47,211,68
23:04:25.903,-14.51,2.15,212,69
23:04:25.964,-14.95,3.05,212,69
23:04:26.021,-12.6,4.43,212,70
23:04:26.080,-9.63,4.44,206,78
23:04:26.142,-6.19,2.33,196,81
23:04:26.198,-2.74,-1.57,177,42
23:04:26.256,0.43,-5.67,177,42
23:04:26.313,3.15,-9.07,185,44
23:04:26.374,4.95,-12.6,198,48
23:04:26.432,5.46,-14.63,198,48
23:04:26.492,4.65,-13.82,198,51
23:04:26.551,3.25,-10.79,196,55
23:04:26.613,0.76,-6.24,192,50
23:04:26.670,-2.24,-1.43,171,28
23:04:26.729,-4.12,1.07,220,84
23:04:26.789,-4.41,0.09,220,86
23:04:26.845,-3.16,-3.71,227,91
23:04:26.902,-1.18,-9.69,226,98
23:04:26.963,0.16,-13.98,196,40
23:04:27.025,0.05,-13.27,204,41
23:04:27.087,-0.66,-10.16,187,29
23:04:27.144,-3.03,-4.6,185,28
23:04:27.206,-4.44,-0.47,183,25
23:04:27.264,-5.68,1.74,215,72
23:04:27.320,-6.28,2.58,215,72
23:04:27.383,-6.41,3.15,215,71
23:04:27.438,-6.43,3.26,215,71
23:04:27.496,-6.4,2.99,215,71
23:04:27.557,-5.88,2.86,215,71
23:04:27.611,-5.29,3.05,219,69
23:04:27.673,-4.81,3.15,218,69
23:04:27.730,-4.33,3.17,220,69
23:04:27.787,-3.9,3.21,217,69
23:04:27.846,-3.5,3.34,218,68
23:04:27.905,-3.1,3.38,217,68
23:04:27.962,-2.68,3.39,219,68
23:04:28.020,-2.29,3.34,217,68
23:04:28.079,-1.75,3.29,216,68
23:04:28.140,-1.26,3.21,211,69
23:04:28.197,-0.92,3.13,210,70
23:04:28.253,-0.63,2.97,210,70
23:04:28.313,-0.31,2.84,210,70
23:04:28.368,0.08,2.67,210,70
23:04:28.425,0.63,2.47,209,70
23:04:28.485,1.03,2.19,209,70
23:04:28.541,1.55,1.74,209,70
23:04:28.598,2.34,1.29,209,70
23:04:28.656,3.15,0.89,209,70
23:04:28.714,4.01,0.43,209,70
23:04:28.771,4.97,-0.05,209,71
23:04:28.827,5.67,-0.54,209,72
23:04:28.890,6.25,-1.14,209,72
23:04:28.946,6.57,-1.59,209,72
23:04:29.006,6.89,-2.13,209,73
23:04:29.062,7.19,-2.71,210,75
23:04:29.122,7.36,-3.34,212,76
23:04:29.179,7.48,-3.93,213,76
23:04:29.237,7.67,-4.58,213,76
23:04:29.295,8.13,-5.21,214,76
23:04:29.356,8.75,-5.7,215,76
23:04:29.413,9.28,-6.03,215,76
23:04:29.473,9.65,-6.53,216,77
23:04:29.527,9.65,-7.16,218,77
23:04:29.585,9.47,-7.65,218,77
23:04:29.648,9.11,-8.17,220,77
23:04:29.704,8.62,-8.85,222,79
23:04:29.762,8.2,-9.4,222,81
23:04:29.819,7.88,-9.98,222,85
23:04:29.881,7.75,-10.51,222,87
23:04:29.939,7.87,-10.93,275,71
23:04:30.002,8.29,-11.36,276,71
23:04:30.057,8.46,-11.73,276,70
23:04:30.118,8.24,-12,276,70
23:04:30.174,7.68,-12.23,287,70
23:04:30.236,6.98,-12.41,288,70
23:04:30.293,6.95,-12.28,288,70
23:04:30.354,7.71,-11.63,288,70
23:04:30.413,8.41,-10.97,288,70
23:04:30.474,8.87,-10.06,288,71
23:04:30.533,9.11,-9.4,288,71
23:04:30.588,9.47,-8.92,288,71
23:04:30.651,10.08,-8.55,288,71
23:04:30.707,10.17,-8.52,288,71
23:04:30.766,8.99,-8.97,288,71
23:04:30.823,7.27,-9.75,288,71
23:04:30.884,5.8,-10.17,288,71
23:04:30.942,4.59,-10.34,289,72
23:04:31.003,3.61,-10.35,295,74
23:04:31.059,2.53,-10.3,302,76
23:04:31.123,1.43,-10.28,304,80
23:04:31.179,0.37,-10.47,310,89
23:04:31.241,-0.69,-10.68,310,90
23:04:31.302,-1.75,-10.95,310,90
23:04:31.362,-2.66,-11.25,313,91
23:04:31.421,-3.44,-11.51,315,94
23:04:31.482,-4.03,-11.55,317,94
23:04:31.543,-4.68,-11.57,320,93
23:04:31.606,-5.32,-11.55,320,93
23:04:31.661,-6.1,-11.53,320,93
23:04:31.724,-6.97,-11.54,320,93
23:04:31.786,-7.92,-11.52,320,92
23:04:31.846,-8.74,-11.48,320,92
23:04:31.908,-9.45,-11.37,320,91
23:04:31.969,-9.99,-11.22,320,89
23:04:32.030,-10.32,-11.12,310,90
23:04:32.095,-10.47,-11.49,308,90
23:04:32.154,-4.9,-8.93,278,70
23:04:32.212,5.07,-7.01,278,76
23:04:32.274,9.45,-8.73,321,95
23:04:32.331,9.61,-9.53,308,95
23:04:32.387,9.81,-9.43,307,94
23:04:32.448,10.13,-8.95,305,96
23:04:32.508,9.76,-8.4,302,93
23:04:32.564,8.43,-7.78,302,93
23:04:32.619,6.48,-7.52,302,93
23:04:32.678,4.91,-7.34,302,92
23:04:32.739,3.97,-6.82,302,92
23:04:32.796,3.58,-6.43,302,92
23:04:32.853,3.41,-6.2,303,92
23:04:32.911,3.38,-5.94,304,92
23:04:32.973,3,-5.81,307,93
23:04:33.029,1.88,-5.6,311,95
23:04:33.087,0.43,-5.49,311,95
23:04:33.147,-1.3,-5.54,311,95
23:04:33.205,-2.92,-5.59,312,95
23:04:33.266,-4.19,-5.53,312,95
23:04:33.327,-5.56,-5.54,312,95
23:04:33.382,-6.78,-5.76,312,95
23:04:33.443,-7.74,-5.97,312,95
23:04:33.501,-8.69,-6.1,312,95
23:04:33.564,-9.56,-6.11,312,95
23:04:33.623,-10.44,-6.05,312,95
23:04:33.681,-11.32,-6.04,312,96
23:04:33.744,-12.06,-5.83,312,96
23:04:33.805,-13.2,-5.46,312,95
23:04:33.866,-14.53,-5.11,313,95
23:04:33.925,-15.81,-4.83,316,97
23:04:33.985,-16.67,-4.54,328,98
23:04:34.049,-17.35,-4.58,328,98
23:04:34.107,-16.23,-5.13,316,93
23:04:34.165,-9.63,-3.64,359,91
23:04:34.222,6.6,1.41,362,66
23:04:34.278,15.56,-1.9,341,68
23:04:34.340,14.03,-2.17,334,57
23:04:34.397,10.44,-2.56,340,78
23:04:34.460,9.71,-1.54,255,89
23:04:34.519,10.5,-0.77,315,81
23:04:34.574,9.44,-0.22,319,77
23:04:34.635,7.35,-0.09,319,77
23:04:34.692,5.81,0.15,319,77
23:04:34.751,5.21,0.36,321,77
23:04:34.804,4.55,0.53,325,76
23:04:34.863,3.39,0.5,330,76
23:04:34.918,1.71,0.23,334,77
23:04:34.980,-0.15,-0.11,336,77
23:04:35.037,-2.32,-0.42,350,77
23:04:35.098,-4.71,-0.47,363,77
23:04:35.157,-6.86,-0.07,327,44
23:04:35.216,-8.84,0.63,329,39
23:04:35.274,-10.25,1.37,331,39
23:04:35.335,-11.5,2.48,345,37
23:04:35.393,-12.22,3.53,345,36
23:04:35.453,-12.68,4.41,345,35
23:04:35.511,-12.81,4.83,344,32
23:04:35.568,-12.53,5.14,347,30
23:04:35.630,-11.68,5.56,332,30
23:04:35.687,-10.73,5.92,331,30
23:04:35.751,-10.04,6.05,329,30
23:04:35.807,-9.64,5.98,329,30
23:04:35.864,-9.38,5.91,329,30
23:04:35.925,-9.33,5.72,330,30
23:04:35.984,-9.11,5.51,327,30
23:04:36.041,-8.64,5.24,326,29
23:04:36.098,-8.09,4.98,325,29
23:04:36.154,-7.61,4.83,335,30
23:04:36.218,-7.33,4.62,336,30
23:04:36.274,-7.2,4.39,336,31
23:04:36.333,-6.93,4,336,31
23:04:36.389,-6.44,3.28,336,31
23:04:36.450,-5.75,2.5,336,31
23:04:36.508,-5.3,1.37,336,32
23:04:36.565,-4.56,0.24,336,35
23:04:36.627,-3.69,-0.8,335,36
23:04:36.682,-3.2,-2.03,335,36
23:04:36.746,-2.76,-3.24,336,36
23:04:36.802,-2.77,-4.51,336,36
23:04:36.860,-3.55,-5.94,336,36
23:04:36.921,-4.86,-7.46,336,36
23:04:36.978,-6.07,-8.92,343,38
23:04:37.041,-7.24,-10.2,348,39
23:04:37.101,-7.61,-11.31,339,51
23:04:37.163,-8.1,-12.34,314,67
23:04:37.223,-8.91,-13.06,302,0
23:04:37.285,-9.75,-13.53,302,0
23:04:37.346,-10.18,-14.02,302,0
23:04:37.408,-9.83,-14.27,302,0
23:04:37.466,-8.69,-14.67,302,1
23:04:37.528,-7.25,-15.26,303,4
23:04:37.590,-5.52,-15.63,309,6
23:04:37.650,-3.57,-15.58,311,6
23:04:37.708,-2.05,-15.27,311,6
23:04:37.768,-0.8,-14.9,311,6
23:04:37.829,0.15,-14.37,311,6
23:04:37.887,0.89,-13.75,311,6
23:04:37.945,1.52,-12.99,311,6
23:04:38.006,2.1,-12.21,311,6
23:04:38.064,2.55,-11.46,311,6
23:04:38.122,3.32,-10.65,311,3
23:04:38.182,4.31,-9.93,305,-2
23:04:38.240,5.43,-9.08,302,-2
23:04:38.298,6.38,-8.15,301,-2
23:04:38.355,7.05,-7.14,297,-2
23:04:38.415,7.15,-6.41,293,-2
23:04:38.474,6.6,-5.8,312,42
23:04:38.530,6.02,-5.16,312,38
23:04:38.588,5.35,-4.56,312,39
23:04:38.645,4.61,-4.03,308,38
23:04:38.707,4.1,-3.59,308,38
23:04:38.763,3.58,-3.19,308,33
23:04:38.821,3,-2.82,307,31
23:04:38.879,2.55,-2.74,306,28
23:04:38.936,2,-2.82,290,5
23:04:38.998,1.59,-3.25,316,-40
23:04:39.057,1.26,-3.45,315,-45
23:04:39.115,1,-3.42,166,-1861
23:04:39.178,0.87,-3.37,16,-4681
23:04:39.239,0.88,-3.42,-116,-6950
23:04:39.301,0.95,-3.34,-202,-9615
23:04:39.366,0.92,-3.34,-358,-12378
23:04:39.427,0.83,-3.32,-439,-14529
23:04:39.493,0.77,-3.23,-439,-14531
23:04:39.554,0.64,-3.23,-442,-14532
23:04:39.622,0.53,-3.09,-465,-15234
23:04:39.681,0.43,-3.05,-483,-15590
23:04:39.747,0.4,-2.82,-472,-15390
23:04:39.808,0.32,-2.7,-447,-14500
23:04:39.874,0.16,-2.61,-391,-13795
23:04:39.940,-0.07,-2.53,-390,-13797
23:04:40.000,-0.23,-2.47,-345,-13577
23:04:40.067,-0.44,-2.53,-285,-13088
23:04:40.132,-0.59,-2.6,-226,-12243
23:04:40.197,-0.77,-2.56,-181,-11077
23:04:40.260,-1.12,-2.63,-66,-9336
23:04:40.319,-1.55,-2.77,22,-7716
23:04:40.381,-1.96,-2.86,123,-6039
23:04:40.445,-2.2,-2.91,157,-4596
23:04:40.509,-2.42,-2.95,239,-3256
23:04:40.571,-2.55,-2.95,319,-2433
23:04:40.632,-2.66,-2.95,407,-1230
23:04:40.694,-2.77,-2.95,464,-333
23:04:40.753,-2.78,-3.02,501,406
23:04:40.817,-2.76,-3.02,561,1173
23:04:40.878,-2.74,-3.15,576,1548
23:04:40.939,-2.75,-3.25,579,1551
23:04:41.000,-2.62,-3.09,579,1551
23:04:41.062,-2.9,-3.26,579,1551
23:04:41.124,-3,-3.33,579,1552
23:04:41.186,-2.96,-3.43,581,1552
23:04:41.246,-2.87,-3.47,580,1552
23:04:41.306,-2.94,-3.49,580,1552
23:04:41.369,-2.98,-3.51,582,1552
23:04:41.431,-3,-3.51,582,1552
23:04:41.492,-3.04,-3.56,583,1551
23:04:41.551,-3.07,-3.59,583,1551
23:04:41.615,-2.98,-3.6,583,1550
23:04:41.676,-2.81,-3.57,579,1545
23:04:41.738,-2.74,-3.63,573,1515
23:04:41.804,-2.79,-3.72,573,1514
23:04:41.865,-2.88,-3.87,575,1517
23:04:41.925,-2.85,-3.93,573,1509
23:04:41.988,-2.85,-4.07,572,1502
23:04:42.053,-2.8,-4.09,576,1507
23:04:42.115,-2.7,-4.07,573,1507
23:04:42.175,-2.66,-4.09,576,1507
23:04:42.237,-2.74,-4.14,576,1507
23:04:42.303,-2.84,-4.12,577,1505
23:04:42.365,-2.86,-4.13,575,1463
23:04:42.425,-2.73,-4.05,559,1276
23:04:42.487,-2.76,-4.07,547,1157
23:04:42.549,-2.71,-4.03,541,969
23:04:42.610,-2.75,-4.01,553,801
23:04:42.672,-2.73,-4.03,555,772
23:04:42.733,-2.7,-4.07,555,772
23:04:42.796,-2.74,-4.11,556,773
23:04:42.856,-2.7,-4.09,555,766
23:04:42.917,-2.77,-4.09,544,668
23:04:42.979,-2.79,-3.96,547,703
23:04:43.040,-2.75,-3.89,551,705
23:04:43.102,-2.73,-3.8,528,567
23:04:43.163,-2.71,-3.73,514,294
23:04:43.224,-2.84,-3.68,514,274
23:04:43.286,-2.96,-3.66,512,272
23:04:43.348,-3.12,-3.6,512,272
23:04:43.409,-3.15,-3.56,512,272
23:04:43.471,-3.1,-3.52,511,272
23:04:43.532,-3.13,-3.55,510,272
23:04:43.593,-3.11,-3.56,510,272
23:04:43.654,-3.08,-3.54,512,272
23:04:43.716,-3.09,-3.51,512,272
23:04:43.777,-3.16,-3.46,512,272
23:04:43.839,-3.22,-3.44,512,272
23:04:43.899,-3.32,-3.43,512,272
23:04:43.960,-3.42,-3.34,510,272
23:04:44.022,-3.51,-3.3,515,272
23:04:44.084,-3.54,-3.22,515,272
23:04:44.146,-3.73,-3.28,520,324
23:04:44.208,-3.79,-3.28,531,474
23:04:44.269,-3.78,-3.32,544,647
23:04:44.332,-3.76,-3.3,544,675
23:04:44.391,-3.77,-3.31,549,733
23:04:44.453,-3.74,-3.28,552,758
23:04:44.515,-3.94,-3.33,562,913
23:04:44.571,-3.96,-3.24,568,976
23:04:44.634,-3.99,-3.26,568,976
23:04:44.695,-3.9,-3.18,569,985
23:04:44.755,-3.85,-3.19,576,1030
23:04:44.822,-3.84,-3.14,574,1030
23:04:44.884,-3.82,-3.13,571,1017
23:04:44.947,-3.76,-3.2,572,1017
23:04:45.008,-3.7,-3.23,572,1010
23:04:45.071,-3.68,-3.3,572,1010
23:04:45.133,-3.56,-3.3,557,917
23:04:45.196,-3.52,-3.32,544,757
23:04:45.254,-3.47,-3.34,548,762
23:04:45.316,-3.37,-3.32,547,762
23:04:45.378,-3.21,-3.38,543,753
23:04:45.437,-2.99,-3.39,524,508
23:04:45.497,-2.91,-3.51,502,202
23:04:45.558,-2.72,-3.51,487,-76
23:04:45.620,-2.74,-3.47,476,-408
23:04:45.684,-2.7,-3.39,467,-781
23:04:45.744,-2.63,-3.36,442,-1082
23:04:45.809,-2.49,-3.39,434,-1442
23:04:45.870,-2.31,-3.37,420,-1780
23:04:45.933,-2.12,-3.42,411,-1869
23:04:45.993,-2.08,-3.4,410,-1864
23:04:46.059,-2.01,-3.37,411,-1861
23:04:46.121,-1.96,-3.34,413,-1861
23:04:46.180,-1.71,-3.28,413,-1861
23:04:46.246,-1.33,-3.3,413,-1861
23:04:46.307,-1.05,-3.35,410,-1860
23:04:46.371,-0.71,-3.41,408,-1859
23:04:46.431,-0.44,-3.39,406,-1859
23:04:46.493,-0.18,-3.31,406,-1832
23:04:46.555,-0.08,-3.31,409,-1692
23:04:46.616,0.06,-3.29,406,-1595
23:04:46.678,0.3,-3.23,415,-1448
23:04:46.739,0.49,-3.24,428,-1062
23:04:46.799,0.59,-3.2,466,-560
23:04:46.861,0.37,-3.33,506,214
23:04:46.918,0.2,-3.3,546,735
23:04:46.980,0.11,-3.22,565,959
23:04:47.037,0.08,-3.09,565,959
23:04:47.099,-0.01,-3.03,562,960
23:04:47.159,-0.05,-2.97,565,969
23:04:47.223,-0.04,-3.01,572,1038
23:04:47.278,0.14,-3.03,572,1043
23:04:47.342,0.4,-3.11,573,1042
23:04:47.401,0.63,-3.14,574,1041
23:04:47.460,0.88,-3.17,574,1040
23:04:47.520,1.13,-3.2,574,1040
23:04:47.583,1.43,-3.15,574,1039
23:04:47.643,1.75,-3.15,574,1039
23:04:47.702,2.05,-3.18,574,1039
23:04:47.762,2.36,-3.19,574,1039
23:04:47.824,2.5,-3.19,574,1039
23:04:47.885,2.62,-3.27,574,1039
23:04:47.942,2.78,-3.27,561,897
23:04:48.003,2.86,-3.19,533,513
23:04:48.061,2.88,-3.27,506,220
23:04:48.122,2.92,-3.2,505,-67
23:04:48.182,2.88,-3.19,495,-250
23:04:48.241,2.88,-3.15,481,-439
23:04:48.305,2.89,-3.14,475,-502
23:04:48.364,2.9,-3.13,474,-517
23:04:48.423,2.9,-3.13,473,-534
23:04:48.484,2.96,-3.13,472,-534
23:04:48.544,3.07,-3.16,477,-536
23:04:48.600,3.14,-3.17,477,-536
23:04:48.664,3.26,-3.13,477,-536
23:04:48.724,3.39,-3.12,477,-536
23:04:48.787,3.53,-3.1,477,-536
23:04:48.842,3.66,-3.16,477,-534
23:04:48.905,3.73,-3.12,475,-528
23:04:48.967,3.77,-3,479,-453
23:04:49.028,3.81,-2.88,492,-274
23:04:49.084,3.86,-2.85,501,37
23:04:49.143,3.93,-2.8,527,346
23:04:49.205,3.96,-2.92,562,783
23:04:49.265,4.23,-2.96,582,1115
23:04:49.323,4.45,-3.05,624,1567
23:04:49.385,4.57,-3.15,616,1505
23:04:49.447,4.65,-3.16,616,1775
23:04:49.504,4.73,-3.15,611,1817
23:04:49.563,4.87,-3.12,609,1809
23:04:49.626,4.97,-3.11,609,1805
23:04:49.687,5.09,-3.17,609,1805
23:04:49.748,5.21,-3.27,609,1805
23:04:49.805,5.39,-3.28,609,1805
23:04:49.868,5.63,-3.23,607,1812
23:04:49.929,5.67,-3.32,607,1812
23:04:49.987,5.75,-3.36,607,1812
23:04:50.048,5.86,-3.35,607,1812
23:04:50.109,5.96,-3.41,607,1812
23:04:50.171,6.04,-3.49,606,1808
23:04:50.228,6.13,-3.64,607,1804
23:04:50.290,6.23,-3.64,610,1802
23:04:50.351,6.27,-3.66,608,1806
23:04:50.408,6.24,-3.63,607,1811
23:04:50.470,6.13,-3.68,607,1810
23:04:50.531,5.97,-3.66,610,1812
23:04:50.592,5.88,-3.61,607,1812
23:04:50.650,5.83,-3.62,607,1812
23:04:50.712,5.9,-3.57,607,1810
23:04:50.773,6.15,-3.4,607,1809
23:04:50.836,6.22,-3.4,613,1811
23:04:50.892,6.29,-3.34,617,1810
23:04:50.952,6.3,-3.37,604,1528
23:04:51.014,6.44,-3.29,604,1392
23:04:51.076,6.47,-3.35,598,1278
23:04:51.135,6.47,-3.4,590,992
23:04:51.196,6.53,-3.28,558,596
23:04:51.252,6.55,-3.28,547,441
23:04:51.310,6.49,-3.23,549,350
23:04:51.371,6.47,-3.19,546,280
23:04:51.429,6.56,-3.18,532,111
23:04:51.489,6.57,-3.09,509,-342
23:04:51.549,6.56,-3.13,502,-616
23:04:51.613,6.54,-3.19,499,-648
23:04:51.670,6.41,-3.17,499,-636
23:04:51.730,6.26,-3.15,516,-427
23:04:51.792,5.96,-3.19,526,-65
23:04:51.848,5.58,-3.12,548,327
23:04:51.912,5.22,-3.08,567,688
23:04:51.967,4.84,-3.04,602,1043
23:04:52.031,4.38,-3.08,644,1746
23:04:52.091,4.03,-3.1,691,2644
23:04:52.148,3.62,-3.14,756,3447
23:04:52.209,3.59,-3.03,757,3728
23:04:52.272,3.5,-3.08,764,3793
23:04:52.334,3.35,-3.08,774,3890
23:04:52.390,3.15,-3.07,786,4037
23:04:52.455,3.08,-3.02,790,4132
23:04:52.514,3.13,-3.02,790,4133
23:04:52.575,3.08,-3.12,799,4213
23:04:52.633,3.1,-3.18,801,4206
23:04:52.694,3.07,-3.2,801,4202
23:04:52.755,2.69,-3.29,801,4202
23:04:52.816,1.69,-3.49,804,4198
23:04:52.876,0.31,-3.65,802,4205
23:04:52.935,-1.39,-4.68,805,4215
23:04:52.997,-3.82,-4.48,805,4220
23:04:53.064,-6.93,-4.82,814,4226
23:04:53.125,-10.07,-5.14,806,4208
23:04:53.190,-12.83,-5.11,815,4230
23:04:53.251,-14.17,-4.82,815,4234
23:04:53.315,-14.87,-4.53,813,4234
23:04:53.378,-15.45,-4.5,818,4239
23:04:53.442,-15.51,-4.53,820,4239
23:04:53.505,-14.62,-4.46,820,4237
23:04:53.569,-12.68,-4.02,809,4239
23:04:53.631,-9.77,-3.34,809,4240
23:04:53.691,-6.06,-2.79,809,4240
23:04:53.754,-2.07,-2.42,809,4240
23:04:53.815,2.07,-2.03,808,4240
23:04:53.875,5.9,-1.88,808,4240
23:04:53.935,8.69,-1.96,808,4241
23:04:53.996,11.42,-2.1,808,4241
23:04:54.057,13.56,-2.28,808,4233
23:04:54.120,15.71,-2.5,808,4232
23:04:54.182,17.55,-2.91,808,4232
23:04:54.242,18.9,-3.36,810,4229
23:04:54.308,19.74,-3.74,810,4229
23:04:54.370,19.82,-4.06,810,4229
23:04:54.432,19.08,-4.42,810,4229
23:04:54.492,17.4,-4.91,809,4229
23:04:54.553,14.92,-6.06,808,4236
23:04:54.614,12.12,-7.53,807,4242
23:04:54.676,9.55,-8.88,812,4242
23:04:54.738,7.03,-10.27,825,4244
23:04:54.799,4.01,-12.07,825,4249
23:04:54.861,1.22,-13.69,830,4254
23:04:54.922,-0.7,-15.05,846,4198
23:04:54.982,-2.4,-16.29,853,4200
23:04:55.049,-3.58,-17.54,849,4198
23:04:55.110,-3.73,-18.99,842,4199
23:04:55.172,-2.99,-20.8,841,4199
23:04:55.233,-2.17,-21.91,841,4199
23:04:55.295,-1.38,-22.5,840,4198
23:04:55.361,-0.77,-22.8,840,4198
23:04:55.421,-0.24,-22.92,834,4198
23:04:55.483,0.41,-22.13,833,4198
23:04:55.543,1.07,-20.83,833,4198
23:04:55.605,1.41,-19.11,833,4199
23:04:55.666,1.69,-17.06,833,4198
23:04:55.729,1.81,-14.77,832,4197
23:04:55.791,1.67,-11.97,832,4195
23:04:55.852,1.12,-9.12,832,4195
23:04:55.914,-0.06,-6.04,802,4166
23:04:55.976,-1.01,-3.08,818,4146
23:04:56.031,-1.64,0.15,826,4138
23:04:56.093,-1.85,2.86,822,4134
23:04:56.153,-2.12,4.8,818,4128
23:04:56.215,-2.3,6.37,818,4122
23:04:56.273,-2.53,7.71,821,4121
23:04:56.334,-2.7,9.24,820,4123
23:04:56.396,-3.26,10.66,814,4121
23:04:56.458,-3.82,11.04,820,4118
23:04:56.521,-4.61,11.46,822,4117
23:04:56.583,-5.58,12.03,822,4116
23:04:56.641,-6.21,12.13,823,4115
23:04:56.704,-6.16,11.85,823,4115
23:04:56.763,-5.65,10.94,810,4119
23:04:56.828,-4.68,9.28,809,4122
23:04:56.884,-2.92,7.95,838,4138
23:04:56.945,-1.6,4.68,843,4139
23:04:57.007,-0.29,0.89,853,4140
23:04:57.069,0.87,-3.45,868,4139
23:04:57.125,1.69,-6.76,903,4136
23:04:57.187,1.77,-8.96,918,4136
23:04:57.248,0.96,-9.5,918,4136
23:04:57.310,-1,-6.89,918,4135
23:04:57.371,-3.93,-1.82,918,4131
23:04:57.433,-5.67,1.66,918,4131
23:04:57.490,-5.76,2.48,914,4131
23:04:57.550,-4.98,0.33,921,4137
23:04:57.611,-3.84,-5.16,921,4137
23:04:57.675,-2.49,-11.44,921,4137
23:04:57.735,-1.42,-12.84,917,4137
23:04:57.798,-1.38,-9.37,919,4137
23:04:57.857,-2.72,-2.87,921,4137
23:04:57.920,-3.88,0.36,925,4134
23:04:57.981,-3.47,-1.79,914,4131
23:04:58.043,-2.36,-8.7,919,4137
23:04:58.107,-1.74,-12.99,920,4137
23:04:58.171,-4.09,-5.51,924,4136
23:04:58.227,-6.13,4.2,919,4125
23:04:58.288,-3.68,-2.34,870,4109
23:04:58.350,-3.11,-8.73,868,4108
23:04:58.410,-6.58,-0.85,867,4094
23:04:58.472,-6.13,2.31,902,4081
23:04:58.535,-3.31,-7.33,902,4084
23:04:58.599,-6.36,-1.28,905,4078
23:04:58.658,-6.99,1.6,891,4078
23:04:58.717,-5.83,-0.82,890,4080
23:04:58.783,-6.25,-0.13,889,4079
23:04:58.845,-5.63,-0.75,875,4080
23:04:58.909,-5.99,-0.78,876,4081
23:04:58.970,-6.11,-1.22,875,4082
23:04:59.028,-6.39,-1.32,875,4082
23:04:59.097,-6.59,-1.45,875,4082
23:04:59.157,-6.67,-1.59,876,4083
23:04:59.219,-6.45,-1.74,876,4083
23:04:59.279,-6.16,-1.98,877,4083
23:04:59.341,-5.67,-2.5,877,4083
23:04:59.406,-5.37,-2.82,877,4083
23:04:59.468,-5.16,-3.37,877,4083
23:04:59.529,-4.79,-3.85,878,4083
23:04:59.590,-4.27,-4.35,880,4083
23:04:59.655,-3.77,-4.89,880,4084
23:04:59.717,-3.3,-5.42,880,4084
23:04:59.779,-2.81,-5.92,880,4084
23:04:59.840,-2.41,-6.37,880,4084
23:04:59.906,-1.95,-6.62,880,4084
23:04:59.967,-1.59,-6.61,880,4084
23:05:00.029,-1.08,-6.86,880,4084
23:05:00.090,-0.43,-6.99,880,4084
23:05:00.155,0.24,-7.14,882,4083
23:05:00.213,0.98,-7.18,882,4083
23:05:00.271,1.99,-7.21,882,4089
23:05:00.332,2.74,-7.28,879,4091
23:05:00.395,3.32,-7.29,878,4091
23:05:00.455,3.71,-7.4,877,4093
23:05:00.513,3.87,-7.32,869,4093
23:05:00.575,4.18,-7.46,864,4084
23:05:00.636,4.15,-7.38,865,4085
23:05:00.697,4.09,-7.43,865,4085
23:05:00.754,3.58,-7.68,828,4032
23:05:00.816,3.61,-7.51,835,4040
23:05:00.879,3.69,-7.55,830,4036
23:05:00.936,3.95,-7.46,831,4033
23:05:00.996,4.24,-7.51,828,4034
23:05:01.057,4.41,-7.46,825,4033
23:05:01.118,4.71,-7.44,836,4041
23:05:01.187,4.91,-7.49,829,4042
23:05:01.237,5.07,-7.5,827,4035
23:05:01.298,5.24,-7.53,825,4035
23:05:01.360,5.44,-7.65,831,4039
23:05:01.417,5.75,-7.64,834,3624
23:05:01.479,6,-7.54,839,3181
23:05:01.541,6.28,-7.47,805,2693
23:05:01.602,6.67,-7.35,792,2071
23:05:01.659,6.94,-7.31,787,1653
23:05:01.721,7.25,-7.38,777,1363
23:05:01.782,7.48,-7.47,792,1124
23:05:01.839,7.56,-7.55,783,899
23:05:01.901,7.76,-7.57,765,645
23:05:01.960,7.85,-7.58,760,374
23:05:02.018,7.9,-7.47,734,-32
23:05:02.077,7.94,-7.39,726,-370
23:05:02.139,7.95,-7.31,716,-602
23:05:02.201,8.01,-7.17,725,-762
23:05:02.264,8.13,-7.15,726,-783
23:05:02.319,8.31,-7.1,726,-783
23:05:02.381,8.37,-7.09,733,-785
23:05:02.441,8.54,-7.05,727,-791
23:05:02.503,8.85,-6.82,727,-806
23:05:02.562,9.02,-6.61,728,-793
23:05:02.620,9.27,-6.46,728,-792
23:05:02.683,9.46,-6.31,727,-792
23:05:02.740,9.68,-6.22,725,-809
23:05:02.802,10.04,-6.17,727,-812
23:05:02.865,10.45,-6.17,731,-783
23:05:02.924,10.93,-6.1,738,-695
23:05:02.987,11.38,-6.09,737,-558
23:05:03.047,11.69,-6.12,739,-261
23:05:03.109,11.97,-6.14,745,-67
23:05:03.171,12.33,-5.96,754,-30
23:05:03.232,12.75,-5.84,758,-24
23:05:03.288,13.16,-5.82,765,102
23:05:03.350,13.52,-5.73,756,195
23:05:03.412,13.99,-5.71,761,320
23:05:03.475,14.54,-5.83,762,531
23:05:03.533,14.88,-5.85,763,562
23:05:03.593,15.15,-5.93,758,563
23:05:03.655,15.38,-6,759,563
23:05:03.717,15.62,-6.02,766,564
23:05:03.773,15.93,-6.05,769,565
23:05:03.832,16.27,-6.12,772,565
23:05:03.896,16.68,-6.23,776,554
23:05:03.952,16.96,-6.42,776,552
23:05:04.016,17.24,-6.72,776,552
23:05:04.078,17.34,-6.88,776,552
23:05:04.140,17.54,-6.93,777,479
23:05:04.195,17.83,-6.83,771,367
23:05:04.257,18.17,-6.97,776,344
23:05:04.317,18.51,-7.13,770,357
23:05:04.380,18.78,-7.22,786,381
23:05:04.437,19.11,-7.39,789,113
23:05:04.499,19.08,-7.84,792,27
23:05:04.556,18.78,-8.29,792,7
23:05:04.613,18.25,-8.48,792,7
23:05:04.669,17.83,-8.72,795,7
23:05:04.731,17.01,-9.08,799,12
23:05:04.789,16.18,-9.46,789,7
23:05:04.847,15.61,-9.86,788,6
23:05:04.906,15.12,-10.05,788,6
23:05:04.965,14.45,-10.07,788,6
23:05:05.026,13.78,-10.34,790,-2
23:05:05.088,13.26,-10.59,787,-47
23:05:05.150,12.87,-11.05,787,-62
23:05:05.210,12.42,-11.43,786,12
23:05:05.272,12.19,-11.65,786,12
23:05:05.331,11.92,-11.94,783,12
23:05:05.391,11.42,-12.26,780,12
23:05:05.452,10.95,-12.61,778,-9
23:05:05.515,10.49,-13.09,764,-32
23:05:05.575,10.01,-13.48,764,-32
23:05:05.633,9.35,-13.85,765,-32
23:05:05.694,8.42,-14.18,768,-32
23:05:05.756,7.48,-14.55,768,-32
23:05:05.818,6.68,-14.94,750,-146
23:05:05.880,6.15,-15.03,744,-281
23:05:05.940,5.71,-15.29,754,-312
23:05:06.002,5.28,-15.57,746,-309
23:05:06.065,4.89,-15.78,756,-315
23:05:06.124,4.21,-16.39,748,-457
23:05:06.186,3.33,-16.79,734,-649
23:05:06.247,2.62,-17.01,736,-635
23:05:06.307,2.11,-17.09,736,-636
23:05:06.370,1.51,-17.06,737,-636
23:05:06.430,0.82,-17.09,738,-636
23:05:06.492,0.1,-17.35,740,-642
23:05:06.555,-0.72,-17.55,742,-641
23:05:06.617,-1.4,-17.71,744,-639
23:05:06.680,-2.17,-17.73,759,-586
23:05:06.743,-3.03,-17.57,770,-548
23:05:06.808,-4.11,-17.29,772,-543
23:05:06.868,-5.33,-17.12,773,-542
23:05:06.934,-6.69,-17.13,782,-401
23:05:06.997,-7.91,-17.2,787,-287
23:05:07.063,-9.11,-17,787,-286
23:05:07.123,-10.09,-16.8,786,-285
23:05:07.189,-10.78,-16.65,792,-285
23:05:07.255,-11.57,-16.47,787,-285
23:05:07.320,-11.93,-16.31,787,-284
23:05:07.382,-11.85,-16.16,787,-284
23:05:07.445,-11.69,-16.03,777,-282
23:05:07.512,-11.3,-15.93,776,-282
23:05:07.578,-10.57,-15.88,767,-290
23:05:07.642,-9.42,-15.79,749,-496
23:05:07.706,-7.89,-15.46,743,-479
23:05:07.767,-6.28,-14.93,725,-1141
23:05:07.832,-4.34,-14.46,689,-1946
23:05:07.894,-2.38,-14.03,632,-2686
23:05:07.958,-0.49,-13.84,594,-3167
23:05:08.020,1.14,-13.64,592,-3163
23:05:08.082,2.71,-13.63,593,-3222
23:05:08.147,4.2,-13.43,595,-3133
23:05:08.208,5.67,-13.09,611,-2882
23:05:08.271,6.9,-12.83,645,-2249
23:05:08.332,7.83,-12.7,682,-1422
23:05:08.394,8.54,-12.19,703,-768
23:05:08.455,9.16,-12.04,739,-2
23:05:08.511,9.69,-11.74,754,174
23:05:08.573,10.12,-11.51,750,176
23:05:08.634,10.74,-11.04,743,133
23:05:08.697,11.48,-10.67,744,147
23:05:08.759,12.32,-10.41,750,159
23:05:08.819,12.97,-10.19,786,230
23:05:08.880,13.33,-9.89,802,343
23:05:08.941,13.43,-9.57,803,352
23:05:09.004,13.5,-9.32,803,352
23:05:09.061,13.59,-9.03,806,360
23:05:09.122,13.61,-8.91,809,379
23:05:09.184,13.48,-8.78,810,446
23:05:09.245,13.24,-8.66,811,475
23:05:09.304,12.96,-8.57,811,476
23:05:09.365,12.72,-8.39,816,476
23:05:09.426,12.57,-8.02,816,476
23:05:09.482,12.32,-7.53,817,577
23:05:09.544,11.84,-6.94,837,817
23:05:09.605,11.22,-6.11,841,922
23:05:09.667,10.54,-5.21,841,923
23:05:09.723,9.83,-4.12,845,923
23:05:09.785,9.18,-3.09,843,917
23:05:09.843,8.7,-1.83,843,916
23:05:09.904,8.3,-0.86,846,916
23:05:09.961,7.75,0.17,848,924
23:05:10.019,7.38,0.91,854,927
23:05:10.076,7.03,1.27,859,927
23:05:10.138,6.78,1.48,855,923
23:05:10.195,6.62,1.55,849,923
23:05:10.252,6.51,1.48,849,922
23:05:10.310,6.55,1.25,849,921
23:05:10.366,6.57,0.95,841,918
23:05:10.428,6.45,0.6,821,990
23:05:10.486,6.41,0.07,829,1186
23:05:10.547,6.23,-0.61,861,1674
23:05:10.608,6.2,-1.17,864,2084
23:05:10.666,6.12,-1.62,865,2202
23:05:10.728,5.81,-2.02,862,2158
23:05:10.789,5.67,-2.45,864,2148
23:05:10.851,5.51,-2.85,864,2124
23:05:10.908,5.3,-3.13,888,2577
23:05:10.967,5.01,-3.71,885,2868
23:05:11.030,5.17,-3.91,879,2933
23:05:11.086,5.12,-4.11,879,2893
23:05:11.150,5.34,-4.32,852,2551
23:05:11.211,5.54,-4.25,830,2226
23:05:11.272,5.88,-4.26,833,2227
23:05:11.331,6.34,-4.42,742,1822
23:05:11.390,6.72,-4.49,739,1647
23:05:11.453,7.3,-4.74,744,1620
23:05:11.510,7.67,-4.97,745,743
23:05:11.572,7.89,-5.15,711,-228
23:05:11.633,8.09,-5.69,669,-1143
23:05:11.694,8.51,-5.97,612,-2168
23:05:11.755,9.04,-6.23,566,-2960
23:05:11.817,9.48,-6.47,545,-3238
23:05:11.880,10.01,-6.63,542,-3512
23:05:11.943,10.63,-6.67,546,-3512
23:05:12.004,11.32,-6.76,539,-3518
23:05:12.066,12.02,-6.69,542,-3524
23:05:12.128,12.76,-6.29,548,-3511
23:05:12.194,13.4,-5.9,547,-3516
23:05:12.254,14.05,-6.15,542,-3516
23:05:12.316,14.76,-6.73,584,-3053
23:05:12.378,15.42,-7.51,615,-2413
23:05:12.439,16,-8.55,623,-1842
23:05:12.505,16.4,-9.29,657,-1307
23:05:12.567,16.95,-10.11,686,-419
23:05:12.628,17.22,-10.89,731,486
23:05:12.689,17.4,-11.12,760,1131
23:05:12.749,17.6,-11.2,772,1368
23:05:12.815,17.83,-11.33,772,1422
23:05:12.877,18.13,-11.48,772,1436
23:05:12.939,18.32,-11.58,774,1460
23:05:13.000,18.16,-11.6,800,1761
23:05:13.065,17.59,-11.76,840,2285
23:05:13.128,16.71,-11.71,869,2674
23:05:13.190,15.51,-11.72,883,2967
23:05:13.250,14.08,-11.55,884,2964
23:05:13.316,13.08,-11.34,884,2957
23:05:13.376,11.97,-11.28,872,2984
23:05:13.441,10.94,-11.03,862,3096
23:05:13.499,10.07,-10.63,859,3106
23:05:13.562,9.09,-10.33,857,3098
23:05:13.624,8.21,-10.11,855,3091
23:05:13.686,7.55,-9.99,854,3084
23:05:13.746,7.02,-9.88,852,2969
23:05:13.806,6.55,-9.76,847,2947
23:05:13.865,6.01,-9.67,837,2933
23:05:13.926,5.5,-9.57,813,2762
23:05:13.987,5.07,-9.46,817,2634
23:05:14.044,4.72,-9.28,787,2209
23:05:14.106,4.57,-9.12,779,1918
23:05:14.167,4.43,-8.77,789,1714
23:05:14.230,4.08,-8.05,784,1580
23:05:14.286,3.81,-7.62,778,1439
23:05:14.348,3.48,-7.17,777,1329
23:05:14.410,3.07,-6.32,777,1219
23:05:14.466,2.8,-5.7,766,993
23:05:14.528,2.34,-4.89,768,908
23:05:14.586,1.74,-4.11,747,656
23:05:14.647,1.33,-3.4,725,273
23:05:14.705,1,-2.77,701,-6
23:05:14.765,0.69,-2.1,681,-224
23:05:14.827,0.3,-1.75,675,-371
23:05:14.884,0.06,-1.53,672,-397
23:05:14.945,-0.21,-1.17,672,-397
23:05:15.007,-0.35,-0.84,676,-437
23:05:15.071,-0.18,-0.64,670,-581
23:05:15.133,0.1,-0.51,656,-780
23:05:15.191,0.54,-0.35,630,-1082
23:05:15.253,1.11,-0.31,609,-1340
23:05:15.313,2.08,-0.27,593,-1684
23:05:15.375,3.19,-0.16,557,-1725
23:05:15.437,4.32,-0.09,539,-1782
23:05:15.498,5.43,-0.05,539,-1782
23:05:15.560,6.74,-0.13,531,-1783
23:05:15.621,7.99,-0.24,530,-1783
23:05:15.684,9.17,-0.39,530,-1782
23:05:15.744,10.03,-0.59,534,-1776
23:05:15.806,10.74,-0.94,532,-1757
23:05:15.872,11.34,-1.26,559,-1476
23:05:15.933,12.12,-1.65,565,-1338
23:05:15.995,12.68,-2.05,589,-1022
23:05:16.055,13.11,-2.58,608,-644
23:05:16.118,13.41,-2.92,611,-623
23:05:16.179,13.76,-3.38,614,-564
23:05:16.242,14.05,-3.92,625,-443
23:05:16.303,14.05,-4.31,626,-438
23:05:16.364,13.49,-4.65,640,-432
23:05:16.424,12.49,-4.9,641,-454
23:05:16.485,11.42,-4.93,641,-464
23:05:16.548,10.42,-4.86,642,-466
23:05:16.608,9.44,-4.52,631,-690
23:05:16.667,8.5,-4.09,629,-937
23:05:16.728,7.65,-3.85,623,-947
23:05:16.790,6.67,-3.63,635,-715
23:05:16.850,5.95,-3.51,653,-252
23:05:16.908,5.34,-3.36,660,87
23:05:16.966,4.9,-3.18,657,75
23:05:17.022,4.45,-2.88,657,75
23:05:17.083,3.91,-2.5,661,77
23:05:17.145,3.45,-1.99,661,78
23:05:17.200,3.03,-1.27,660,79
23:05:17.257,2.65,-0.59,655,84
23:05:17.314,2.18,0.01,651,102
23:05:17.376,1.81,0.51,636,135
23:05:17.433,1.18,1.32,631,143
23:05:17.489,0.75,1.98,660,84
23:05:17.549,0.22,2.65,659,84
23:05:17.606,-0.18,3.11,655,84
23:05:17.663,-0.46,3.5,664,71
23:05:17.723,-0.65,3.86,650,107
23:05:17.781,-0.74,3.85,671,633
23:05:17.842,-0.62,3.93,677,837
23:05:17.900,-0.54,3.99,685,1194
23:05:17.960,-0.4,3.78,689,1613
23:05:18.021,-0.37,3.64,691,1641
23:05:18.079,0.06,3.38,675,1427
23:05:18.140,0.72,3.14,669,832
23:05:18.198,1.33,2.81,637,-45
23:05:18.257,1.62,2.42,622,-615
23:05:18.319,2.13,1.99,573,-1742
23:05:18.381,2.6,1.58,560,-2420
23:05:18.439,3.17,1.35,566,-2959
23:05:18.497,3.69,1.22,543,-3863
23:05:18.558,4.02,1.07,413,-5117
23:05:18.620,4,0.74,445,-6123
23:05:18.682,3.66,1.08,446,-6860
23:05:18.740,3.49,1.18,427,-6945
23:05:18.800,3.31,1.34,416,-8760
23:05:18.861,3.39,1.54,382,-8959
23:05:18.919,3.5,1.75,382,-9099
23:05:18.980,3.64,2.1,60,-11927
23:05:19.043,3.7,2.27,-122,-14502
23:05:19.106,3.81,2.54,-325,-16727
23:05:19.169,3.77,2.71,-340,-17028
23:05:19.229,3.69,2.82,-371,-17570
23:05:19.292,3.61,2.87,-369,-17571
23:05:19.358,3.61,2.91,-369,-17873
23:05:19.417,3.55,2.89,-375,-17874
23:05:19.480,3.33,2.93,-375,-17872
23:05:19.542,3.28,3.12,-408,-18364
23:05:19.606,3.24,3.49,-420,-18621
23:05:19.669,3.15,3.77,-400,-18811
23:05:19.730,3.03,4.07,-457,-22211
23:05:19.791,2.86,4.24,-494,-24136
23:05:19.857,2.77,4.37,-508,-25862
23:05:19.919,2.58,4.56,-428,-27860
23:05:19.980,2.42,4.73,-448,-29569
23:05:20.042,2.2,4.91,-526,-30661
23:05:20.106,2,5.07,-612,-32137
23:05:20.168,1.83,5.18,-844,-34500
23:05:20.229,1.67,5.25,-868,-35780
23:05:20.290,1.58,5.24,-944,-36709
23:05:20.356,1.47,5.31,-927,-37189
23:05:20.416,1.37,5.36,-938,-37318
23:05:20.479,1.3,5.47,-973,-38010
23:05:20.539,1.27,5.55,-966,-38760
23:05:20.607,1.25,5.57,-963,-39855
23:05:20.667,1.24,5.59,-996,-40738
23:05:20.729,1.21,5.55,-1048,-41802
23:05:20.794,1.1,5.55,-1074,-43030
23:05:20.855,1.02,5.57,-1107,-44308
23:05:20.920,0.89,5.55,-1106,-44304
23:05:20.982,0.78,5.48,-1214,-45120
23:05:21.047,0.67,5.51,-1324,-46387
23:05:21.111,0.56,5.57,-1319,-46648
23:05:21.175,0.39,5.57,-1394,-47551
23:05:21.237,0.26,5.66,-1392,-48640
23:05:21.301,0.16,5.68,-1382,-49014
23:05:21.363,0.04,5.76,-1381,-49011
23:05:21.431,-0.05,5.82,-1380,-49296
23:05:21.494,-0.1,5.9,-1375,-49283
23:05:21.556,-0.09,6,-1375,-49283
23:05:21.622,-0.06,6.07,-1384,-49329
23:05:21.689,-0.06,6.12,-1383,-49327
23:05:21.750,0.01,6.15,-1388,-49330
23:05:21.815,0.04,6.16,-1294,-48421
23:05:21.877,0.02,6.22,-1279,-48081
23:05:21.941,-0.01,6.19,-1185,-46441
23:05:22.006,-0.02,6.18,-1141,-45937
23:05:22.068,0.03,6.18,-1073,-45002
23:05:22.134,0.11,6.21,-1176,-43671
23:05:22.194,0.27,6.22,-1157,-43263
23:05:22.261,0.49,6.2,-1190,-41805
23:05:22.323,0.76,6.19,-1140,-41290
23:05:22.389,1.02,6.15,-1135,-40779
23:05:22.448,1.19,6.12,-1094,-40541
23:05:22.514,1.32,6.12,-956,-39048
23:05:22.578,1.45,6.05,-836,-37693
23:05:22.638,1.57,5.85,-461,-34132
23:05:22.700,1.76,5.87,-458,-33630
23:05:22.764,2.03,5.86,-549,-32941
23:05:22.827,2.12,5.9,-542,-31770
23:05:22.886,2.18,5.87,-449,-30079
23:05:22.949,2.09,5.85,-402,-28911
23:05:23.016,1.98,5.83,-301,-27073
23:05:23.077,1.92,5.89,-264,-25551
23:05:23.139,1.8,5.96,-229,-25221
23:05:23.198,1.66,5.96,-159,-24647
23:05:23.265,1.64,5.98,-159,-24649
23:05:23.324,1.47,5.95,-161,-24647
23:05:23.387,1.31,5.93,41,-23034
23:05:23.448,1.15,5.97,225,-21344
23:05:23.511,0.96,5.95,497,-19622
23:05:23.570,0.8,5.98,709,-17677
23:05:23.632,0.71,5.96,739,-17298
23:05:23.695,0.64,5.89,782,-16908
23:05:23.758,0.49,5.87,819,-16056
23:05:23.819,0.36,5.85,931,-15586
23:05:23.875,0.28,5.77,933,-15586
23:05:23.936,0.36,5.76,994,-14727
23:05:24.001,0.64,5.67,1004,-14551
23:05:24.063,0.78,5.52,982,-13955
23:05:24.124,1.02,5.2,1134,-11768
23:05:24.186,1.13,5.1,1241,-9922
23:05:24.249,1.34,5.16,1320,-8563
23:05:24.309,1.59,5.16,1354,-7461
23:05:24.370,2.03,5.27,1365,-7161
23:05:24.432,2.3,5.21,1439,-6459
23:05:24.493,2.73,4.93,1475,-5831
23:05:24.555,3.07,4.8,1491,-5382
23:05:24.615,4.01,4.65,1532,-4525
23:05:24.679,4.43,4.65,1533,-4085
23:05:24.740,5.42,4.27,1549,-3884
23:05:24.800,6.37,3.98,1549,-3881
23:05:24.862,7.62,3.39,1544,-3881
23:05:24.924,9.05,2.79,1546,-3884
23:05:24.986,10.51,2.31,1527,-3896
23:05:25.050,11.81,2.02,1522,-3914
23:05:25.111,12.87,1.73,1522,-3914
23:05:25.178,13.65,1.45,1517,-3915
23:05:25.238,14.52,1.05,1508,-3918
23:05:25.306,15.58,0.57,1506,-3914
23:05:25.366,17.01,-0.09,1507,-3918
23:05:25.432,18.11,-0.65,1502,-3917
23:05:25.496,20.57,-3.63,1494,-3901
23:05:25.563,21.34,-4.23,1501,-3900
23:05:25.624,21.99,-5.23,1488,-3894
23:05:25.688,22.16,-6.1,1485,-3893
23:05:25.753,21.99,-7.01,1510,-3872
23:05:25.819,21.34,-7.97,1510,-3872
23:05:25.882,20.24,-9.31,1547,-3828
23:05:25.947,19.02,-10.33,1532,-3825
23:05:26.012,17.27,-11.12,1551,-3833
23:05:26.078,15.44,-11.86,1550,-3833
23:05:26.144,13.29,-12.48,1541,-3828
23:05:26.209,11.26,-12.74,1532,-3824
23:05:26.274,9.38,-13.27,1532,-3824
23:05:26.337,7.25,-13.24,1532,-3824
23:05:26.403,4.75,-12.83,1539,-3822
23:05:26.462,2.28,-12.69,1544,-3822
23:05:26.528,-0.14,-12.22,1544,-3828
23:05:26.593,-2.16,-11.58,1544,-3828
23:05:26.660,-4.21,-10.57,1543,-3828
23:05:26.720,-5.9,-9.33,1539,-3827
23:05:26.786,-7.75,-8.15,1539,-3827
23:05:26.847,-9.28,-6.9,1527,-3829
23:05:26.914,-10.66,-5.31,1546,-3839
23:05:26.980,-12.03,-3.45,1528,-3857
23:05:27.040,-12.73,-1.8,1557,-3831
23:05:27.106,-12.97,-0.47,1567,-3832
23:05:27.173,-12.65,1.14,1567,-3832
23:05:27.233,-12.34,2.61,1555,-3832
23:05:27.298,-11.91,4.21,1552,-3817
23:05:27.359,-11.39,5.53,1561,-3816
23:05:27.425,-10.3,6.71,1568,-3816
23:05:27.485,-9.15,7.54,1569,-3819
23:05:27.549,-7.85,8.28,1567,-3818
23:05:27.611,-6.39,8.85,1566,-3816
23:05:27.675,-4.6,9.42,1566,-3816
23:05:27.736,-3.01,9.81,1561,-3816
23:05:27.801,-1.14,10.15,1561,-3815
23:05:27.863,0.41,10.13,1572,-3815
23:05:27.930,1.83,9.95,1560,-3795
23:05:27.990,3.54,9.35,1546,-3779
23:05:28.052,5.55,8.87,1544,-3775
23:05:28.114,7.23,8.25,1551,-3775
23:05:28.175,9.27,7.1,1551,-3773
23:05:28.241,11.11,5.8,1551,-3773
23:05:28.303,12.62,4.77,1551,-3771
23:05:28.368,14.12,3.41,1551,-3770
23:05:28.428,15.42,1.91,1574,-3743
23:05:28.494,16.18,0.26,1572,-3714
23:05:28.561,16.14,-1.08,1572,-3710
23:05:28.622,15.96,-2.63,1567,-3708
23:05:28.688,15.37,-4.1,1565,-3707
23:05:28.752,13.73,-5.29,1561,-3710
23:05:28.818,11.68,-6.22,1561,-3717
23:05:28.880,8.69,-6.68,1531,-3737
23:05:28.944,5.07,-6.33,1526,-3726
23:05:29.007,1.11,-5.78,1526,-3726
23:05:29.072,-2.88,-5.08,1526,-3726
23:05:29.136,-6.46,-3.94,1521,-3729
23:05:29.199,-9.19,-2.94,1521,-3734
23:05:29.263,-10.26,-2,1520,-3733
23:05:29.330,-9.53,-0.87,1522,-3736
23:05:29.392,-7.89,0.22,1525,-3736
23:05:29.459,-6.69,0.52,1520,-3733
23:05:29.521,-6.95,0.2,1520,-3732
23:05:29.585,-6.62,0,1526,-3735
23:05:29.645,-4.52,0.74,1563,-3703
23:05:29.712,-1.67,2.06,1556,-3706
23:05:29.773,1.2,2.89,1576,-3697
23:05:29.833,2.55,3.05,1576,-3695
23:05:29.895,0.7,2.38,1565,-3695
23:05:29.961,-3.56,0.88,1549,-3691
23:05:30.025,-5.22,-0.57,1574,-3697
23:05:30.087,-1.68,0.48,1585,-3704
23:05:30.150,3.28,1.94,1593,-3678
23:05:30.215,2.05,1.52,1555,-3689
23:05:30.275,-3.64,-0.66,1576,-3692
23:05:30.342,-2.78,-0.48,1578,-3704
23:05:30.403,2.91,1.9,1571,-3705
23:05:30.468,5.66,2.08,1618,-3666
23:05:30.531,0.6,0.66,1571,-3707
23:05:30.597,-3.55,-1.27,1582,-3712
23:05:30.657,-1.58,0.32,1558,-3773
23:05:30.718,3.6,2.22,1563,-3767
23:05:30.784,3.24,2.5,1546,-3806
23:05:30.845,-2.36,0.78,1527,-3812
23:05:30.910,-6.23,-0.15,1527,-3812
23:05:30.976,-7.51,-0.4,1527,-3812
23:05:31.039,-8.12,-0.51,1532,-3812
23:05:31.105,-5.84,0.61,1493,-3828
23:05:31.163,2.16,3.93,1553,-3848
23:05:31.230,10.82,5.38,1532,-3868
23:05:31.291,12.99,5.18,1534,-3876
23:05:31.356,12.04,4.97,1536,-3861
23:05:31.419,10.87,4.52,1541,-3859
23:05:31.481,7.33,3.18,1537,-3860
23:05:31.547,-2.61,0.58,1555,-3815
23:05:31.611,-12.45,-2.53,1544,-3824
23:05:31.676,-16.68,-3.46,1546,-3828
23:05:31.743,-16.1,-2.49,1499,-3844
23:05:31.809,-11.29,-0.45,1491,-3851
23:05:31.869,-1.51,3.25,1446,-3861
23:05:31.934,4.56,3.69,1449,-3864
23:05:31.996,5.47,3.17,1446,-3869
23:05:32.058,5.65,3.11,1446,-3869
23:05:32.120,4.53,2.87,1449,-3858
23:05:32.185,-1.93,1.6,1474,-3851
23:05:32.250,-8.82,-0.3,1474,-3852
23:05:32.317,-12.37,-0.76,1489,-3844
23:05:32.378,-12.02,0.49,1487,-3845
23:05:32.443,-9.49,1.93,1469,-3857
23:05:32.505,-6.59,2.12,1462,-3860
23:05:32.569,-1.85,0.17,1474,-3853
23:05:32.631,4.02,-7.12,1476,-3851
23:05:32.697,5.96,-10.12,1476,-3853
23:05:32.762,6.29,-10.8,1476,-3850
23:05:32.824,5.34,-9.65,1477,-3849
23:05:32.889,2.96,-6.34,1477,-3849
23:05:32.957,-1.15,-0.24,1481,-3851
23:05:33.019,-7.97,5.35,1482,-3857
23:05:33.082,-11.26,6.69,1487,-3860
23:05:33.147,-11.73,6.71,1487,-3861
23:05:33.208,-9.32,4.82,1470,-3858
23:05:33.273,-4.82,0.2,1480,-3852
23:05:33.335,-1.3,-5.01,1482,-3855
23:05:33.400,0.52,-8.57,1483,-3855
23:05:33.463,0.7,-9.91,1483,-3854
23:05:33.530,-0.67,-8.17,1477,-3849
23:05:33.594,-4.75,-1.76,1478,-3849
23:05:33.656,-9.41,5.23,1473,-3860
23:05:33.719,-10.15,7.16,1486,-3920
23:05:33.786,-11.48,7.4,1484,-3922
23:05:33.852,-11.87,6.74,1484,-3928
23:05:33.913,-10.42,5.27,1503,-3826
23:05:33.979,-7.01,2.88,1509,-3825
23:05:34.044,-5.32,-0.74,1502,-3836
23:05:34.104,-5.51,-5.21,1498,-3833
23:05:34.170,-7.6,-8.9,1496,-3834
23:05:34.236,-11.04,-9.82,1496,-3834
23:05:34.302,-14.97,-8.99,1495,-3839
23:05:34.368,-18.49,-7.04,1491,-3836
23:05:34.433,-21.79,-4.52,1487,-3831
23:05:34.502,-23.68,-2.04,1445,-3835
23:05:34.565,-24.31,1.13,1445,-3837
23:05:34.630,-23.79,3.36,1412,-3857
23:05:34.690,-21.35,4.8,1431,-3910
23:05:34.757,-17.42,5.81,1461,-3875
23:05:34.823,-13.13,6.15,1461,-3879
23:05:34.884,-7.3,5.9,1461,-3876
23:05:34.950,-2.21,5.36,1460,-3861
23:05:35.011,2.72,3.77,1411,-3887
23:05:35.072,6.92,1.3,1369,-3830
23:05:35.138,10.25,-1.07,1371,-3827
23:05:35.205,12.48,-3.24,1357,-3835
23:05:35.269,13.95,-5.01,1344,-3847
23:05:35.331,15.12,-6.69,1360,-3840
23:05:35.396,15.58,-8,1360,-3838
23:05:35.462,14.91,-9.41,1360,-3837
23:05:35.528,13.54,-11.15,1358,-3841
23:05:35.592,11.99,-11.67,1353,-3841
23:05:35.658,9.59,-10.97,1353,-3839
23:05:35.719,5.93,-10.02,1353,-3834
23:05:35.785,1.19,-9.8,1353,-3839
23:05:35.849,-1.43,-9.7,1396,-3807
23:05:35.913,-2.9,-9.47,1396,-3807
23:05:35.977,-2.76,-9.26,1394,-3809
23:05:36.044,1.04,-8.02,1366,-3847
23:05:36.106,4.96,-6.56,1406,-3797
23:05:36.169,4.55,-6.43,1353,-3842
23:05:36.232,0.32,-7.52,1322,-3923
23:05:36.298,0.69,-7.12,1354,-3939
23:05:36.358,3.27,-5.68,1366,-3867
23:05:36.423,1.9,-6.05,1395,-3872
23:05:36.486,-2.45,-7.13,1312,-3927
23:05:36.551,-2.25,-5.79,1411,-3869
23:05:36.617,-0.76,-4.75,1423,-3856
23:05:36.681,-3.2,-5.44,1372,-3917
23:05:36.743,-4.2,-4.94,1389,-3920
23:05:36.809,-4.33,-2.89,1402,-3957
23:05:36.874,-2.32,-2.2,1417,-3978
23:05:36.941,-0.51,-1.6,1389,-3916
23:05:37.000,-0.69,-1.72,1389,-3916
23:05:37.065,-0.55,-1.89,1389,-3916
23:05:37.132,-0.06,-1.49,1389,-3916
23:05:37.194,0.86,-0.95,1389,-3916
23:05:37.260,2.28,-0.63,1387,-3916
23:05:37.321,3.01,-0.33,1393,-3915
23:05:37.388,3.55,-0.37,1397,-3916
23:05:37.447,4.46,-0.45,1408,-3916
23:05:37.514,5.68,-0.7,1396,-3918
23:05:37.576,6.65,-0.99,1396,-3918
23:05:37.640,7.15,-0.86,1409,-3918
23:05:37.700,8.36,-1.02,1446,-3913
23:05:37.766,8.48,-1.21,1432,-3903
23:05:37.830,9.63,-1.01,1431,-3900
23:05:37.894,9.92,-0.76,1431,-3900
23:05:37.961,10.82,-1.27,1431,-3898
23:05:38.020,11.04,-2.21,1431,-3902
23:05:38.086,12.19,-3.63,1432,-3906
23:05:38.153,14.1,-3.79,1435,-3918
23:05:38.219,14.09,-3.19,1428,-3899
23:05:38.279,13.52,-1.8,1431,-3902
23:05:38.347,11.85,-1.11,1431,-3902
23:05:38.410,10.06,-0.8,1424,-3921
23:05:38.472,8.42,-1.8,1430,-3918
23:05:38.537,6.7,-1.39,1402,-3897
23:05:38.599,5.83,-0.88,1399,-3899
23:05:38.664,5.54,-0.29,1400,-3900
23:05:38.726,5.34,0.01,1401,-3902
23:05:38.788,5.42,0.14,1401,-3906
23:05:38.853,5.63,1.63,1506,-4095
23:05:38.914,4.08,-0.54,1467,-4187
23:05:38.981,2.7,-0.43,1467,-4187
23:05:39.043,1.36,0.05,1463,-4188
23:05:39.102,0.13,0.58,1467,-4219
23:05:39.166,-0.51,0.99,1470,-4188
23:05:39.230,-0.7,0.97,1467,-4174
23:05:39.292,-0.37,0.65,1466,-4174
23:05:39.357,-0.45,0.54,1466,-4174
23:05:39.419,-0.42,0.21,1466,-4174
23:05:39.483,-0.25,0.37,1465,-4181
23:05:39.546,0.44,0.78,1448,-4178
23:05:39.607,0.97,0.85,1421,-4172
23:05:39.672,1.38,0.69,1384,-4150
23:05:39.734,1.7,0.55,1384,-4143
23:05:39.794,1.97,0.37,1389,-4149
23:05:39.857,2.43,0.3,1361,-4143
23:05:39.922,2.93,0.19,1390,-4114
23:05:39.983,3.4,0.02,1377,-4115
23:05:40.047,3.7,-0.12,1381,-4113
23:05:40.110,3.92,-0.2,1381,-4113
23:05:40.172,3.83,-0.41,1386,-4117
23:05:40.236,3.78,-0.89,1383,-4118
23:05:40.299,3.52,-1.13,1394,-4126
23:05:40.365,3.32,-1.37,1407,-4130
23:05:40.426,3.3,-1.51,1421,-4096
23:05:40.491,3.17,-1.8,1421,-4131
23:05:40.552,2.81,-1.74,1466,-4108
23:05:40.618,2.96,-1.94,1466,-4061
23:05:40.680,2.93,-2.35,1504,-4083
23:05:40.745,3.42,-2.37,1506,-4040
23:05:40.807,3.85,-2.44,1488,-4052
23:05:40.873,3.68,-2.19,1462,-4375
23:05:40.934,3.79,-1.47,1351,-4340
23:05:40.999,3.38,-1.47,1384,-4346
23:05:41.059,3.76,-1.98,1385,-4349
23:05:41.126,4.53,-2.34,1382,-4350
23:05:41.186,5.42,-2.74,1379,-4418
23:05:41.254,5.23,-3.26,1447,-4256
23:05:41.315,5,-3.09,1436,-4352
23:05:41.381,5.02,-2.99,1436,-4352
23:05:41.441,4.48,-3.04,1433,-4350
23:05:41.506,4.95,-2.6,1345,-4437
23:05:41.569,4.72,-2.53,1347,-4445
23:05:41.634,4.46,-2.52,1348,-4445
23:05:41.695,4.19,-2.69,1348,-4445
23:05:41.762,3.71,-1.95,1397,-4434
23:05:41.823,3.94,-1.9,1403,-4411
23:05:41.888,3.89,-2.24,1403,-4409
23:05:41.950,4.3,-2.39,1404,-4416
23:05:42.014,3.98,-2.76,1411,-4421
23:05:42.076,3.59,-3.23,1342,-4373
23:05:42.143,3.56,-3.21,1342,-4382
23:05:42.203,3.68,-2.82,1333,-4373
23:05:42.270,3.39,-3.07,1333,-4381
23:05:42.332,3.63,-3.2,1387,-4397
23:05:42.394,3.8,-3.11,1407,-4401
23:05:42.458,3.74,-3.06,1408,-4401
23:05:42.522,3.79,-3.15,1408,-4401
23:05:42.583,2.98,-3.02,1403,-4412
23:05:42.648,1.71,-3.87,1420,-4442
23:05:42.712,1.1,-3.69,1488,-4690
23:05:42.777,1.09,-3.69,1468,-4990
23:05:42.839,2.03,-3.38,1465,-4973
23:05:42.904,1.93,-3.39,1472,-4986
23:05:42.963,2.19,-3.71,1426,-4987
23:05:43.029,2.08,-3.6,1418,-5017
23:05:43.092,2.21,-3.43,1433,-5013
23:05:43.155,2.27,-3.32,1438,-5072
23:05:43.219,2.62,-3.45,1446,-5072
23:05:43.284,2.81,-3.44,1447,-5072
23:05:43.345,3.2,-3.45,1447,-5072
23:05:43.411,3.56,-3.72,1417,-5038
23:05:43.472,3.53,-4.12,1476,-5011
23:05:43.537,3.39,-3.98,1464,-5033
23:05:43.600,3.22,-3.54,1509,-5002
23:05:43.666,2.98,-3.35,1514,-4981
23:05:43.728,3.01,-2.26,1514,-5183
23:05:43.793,3.2,-2.85,1567,-5161
23:05:43.852,2.59,-2.96,1567,-5161
23:05:43.920,2.26,-2.91,1574,-5154
23:05:43.981,2.31,-2.84,1553,-5146
23:05:44.047,2.71,-2.27,1490,-5224
23:05:44.111,3.63,-3.06,1448,-5145
23:05:44.172,3.12,-3.01,1484,-5584
23:05:44.235,3.25,-3.34,1456,-5288
23:05:44.299,3.33,-3.12,1446,-5612
23:05:44.362,3.95,-4.18,1402,-5756
23:05:44.428,3.63,-3.67,1410,-5806
23:05:44.489,2.96,-3.47,1453,-5688
23:05:44.554,3.32,-4.15,1454,-5703
23:05:44.615,3.11,-4.27,1372,-5781
23:05:44.681,2.46,-3.6,1378,-5780
23:05:44.741,1.68,-3.53,1365,-5790
23:05:44.807,2.16,-3.28,1365,-5735
23:05:44.870,2.46,-4.47,1357,-5739
23:05:44.934,2.95,-3.59,1409,-5658
23:05:44.998,2.74,-4.08,1424,-5651
23:05:45.061,2.65,-3.85,1423,-5650
23:05:45.122,2.54,-3.38,1419,-5654
23:05:45.189,2.62,-3.01,1377,-6021
23:05:45.251,3.08,-2.49,1380,-6212
23:05:45.316,3.4,-2.37,1422,-6246
23:05:45.377,3.52,-2.21,1429,-6367
23:05:45.443,3.53,-2.17,1338,-7971
23:05:45.504,3.64,-1.99,1270,-8546
23:05:45.569,3.78,-1.78,1261,-9211
23:05:45.631,3.88,-1.72,1255,-9210
23:05:45.695,4.01,-1.76,1240,-9473
23:05:45.759,4.19,-1.55,1223,-10756
23:05:45.826,4.47,-1.34,1223,-11714
23:05:45.888,4.62,-1.28,1144,-12662
23:05:45.954,4.74,-1.27,1108,-13283
23:05:46.017,4.61,-1.16,1104,-13368
23:05:46.081,4.51,-1.06,1161,-12362
23:05:46.147,4.29,-1,1201,-10934
23:05:46.208,3.74,-1.05,1219,-9667
23:05:46.276,3.22,-1.12,1219,-8241
23:05:46.336,2.76,-1.2,1233,-6351
23:05:46.402,2.45,-1.31,1231,-5468
23:05:46.464,2.23,-1.42,1224,-5448
23:05:46.526,1.97,-1.42,1322,-4969
23:05:46.589,1.75,-1.36,1338,-4523
23:05:46.655,1.54,-1.4,1341,-4518
23:05:46.716,1.51,-1.54,1340,-4516
23:05:46.783,1.55,-1.58,1340,-4598
23:05:46.844,1.51,-1.63,1340,-4598
23:05:46.908,1.62,-1.62,1340,-4598
23:05:46.972,1.5,-1.71,1340,-4598
23:05:47.036,1.43,-1.62,1340,-4595
23:05:47.097,0.83,-1.72,1355,-4593
23:05:47.164,0.5,-1.68,1355,-4592
23:05:47.229,-0.01,-1.63,1361,-4592
23:05:47.290,-1.13,-1.66,1362,-4589
23:05:47.356,-2.38,-1.59,1362,-4594
23:05:47.420,-2.96,-1.44,1360,-4596
23:05:47.487,-3.18,-1.32,1360,-4596
23:05:47.550,-2.99,-1.32,1361,-4597
23:05:47.613,-2.1,-1.33,1333,-4629
23:05:47.678,-0.64,-1.28,1333,-4630
23:05:47.740,1.25,-1.31,1339,-4631
23:05:47.806,2.36,-1.29,1340,-4631
23:05:47.868,3.21,-1.29,1340,-4631
23:05:47.934,3.88,-1.22,1341,-4631
23:05:47.995,4.68,-1.15,1341,-4631
23:05:48.060,5.62,-1.07,1341,-4631
23:05:48.122,6.84,-1.04,1341,-4631
23:05:48.187,7.92,-0.91,1341,-4631
23:05:48.249,8.84,-0.96,1341,-4631
23:05:48.314,9.67,-0.97,1341,-4631
23:05:48.378,10.82,-0.97,1341,-4631
23:05:48.443,12.36,-0.9,1341,-4633
23:05:48.507,14.06,-1.12,1327,-4637
23:05:48.572,15.47,-1.18,1327,-4635
23:05:48.637,16.85,-1.29,1327,-4634
23:05:48.697,18.21,-1.29,1327,-4634
23:05:48.763,19.55,-1.56,1327,-4633
23:05:48.830,20.45,-1.9,1327,-4627
23:05:48.896,20.6,-2.08,1327,-4624
23:05:48.957,20.46,-2.09,1327,-4624
23:05:49.021,20.38,-1.9,1327,-4624
23:05:49.090,19.99,-1.79,1328,-4624
23:05:49.154,18.38,-1.91,1328,-4624
23:05:49.215,15.84,-1.97,1328,-4624
23:05:49.279,12.46,-1.67,1328,-4624
23:05:49.346,9.79,-1.54,1328,-4624
23:05:49.407,7.47,-1.02,1332,-4628
23:05:49.473,5.1,-0.73,1372,-4628
23:05:49.534,2.7,-0.8,1381,-4632
23:05:49.601,0.84,-0.82,1393,-4633
23:05:49.661,-1.83,-0.72,1379,-4633
23:05:49.728,-3.86,-0.91,1377,-4625
23:05:49.791,-5.2,-1.54,1430,-4706
23:05:49.858,-6.17,-2.13,1428,-4705
23:05:49.919,-7.22,-3.1,1431,-4714
23:05:49.985,-8.73,-4.14,1433,-4714
23:05:50.049,-10.23,-5.36,1421,-4707
23:05:50.118,-11.91,-6.57,1361,-4697
23:05:50.181,-13.5,-7.41,1357,-4694
23:05:50.245,-13.77,-7.99,1347,-4693
23:05:50.313,-13.19,-8.46,1338,-4693
23:05:50.380,-12.01,-8.89,1344,-4696
23:05:50.445,-10.02,-9.53,1389,-4702
23:05:50.509,-8.04,-9.9,1433,-4703
23:05:50.576,-6.02,-10.2,1434,-4705
23:05:50.641,-3.73,-10.6,1443,-4712
23:05:50.705,-1.64,-11.48,1445,-4712
23:05:50.770,0.3,-12.07,1445,-4713
23:05:50.834,1.78,-12.92,1445,-4715
23:05:50.898,3.12,-13.38,1445,-4716
23:05:50.963,4.29,-13.82,1444,-4716
23:05:51.028,5.49,-14.01,1445,-4718
23:05:51.091,6.9,-13.59,1449,-4721
23:05:51.157,7.76,-13.03,1449,-4721
23:05:51.223,8.38,-12.78,1449,-4717
23:05:51.288,9.8,-11.41,1441,-4719
23:05:51.353,11.35,-10.11,1439,-4719
23:05:51.415,13.2,-8.48,1431,-4708
23:05:51.478,14.26,-6.85,1434,-4713
23:05:51.546,15.3,-4.47,1448,-4720
23:05:51.612,15.72,-2.47,1455,-4714
23:05:51.674,15.67,-0.07,1487,-4708
23:05:51.737,14.56,2.03,1481,-4699
23:05:51.800,12.77,4.27,1466,-4699
23:05:51.866,10.34,5.64,1466,-4708
23:05:51.926,7.3,8.04,1474,-4708
23:05:51.987,4.88,9.48,1472,-4707
23:05:52.054,2.84,10.74,1466,-4705
23:05:52.116,0.76,11.69,1466,-4703
23:05:52.179,-1.93,12.33,1506,-4649
23:05:52.245,-4.17,12.49,1431,-4643
23:05:52.314,-5.87,11.89,1431,-4637
23:05:52.374,-6.79,11.16,1431,-4648
23:05:52.438,-8.08,9.85,1431,-4647
23:05:52.500,-9.71,8.38,1436,-4637
23:05:52.565,-11.4,6.75,1476,-4679
23:05:52.630,-13.26,5.42,1476,-4679
23:05:52.696,-15.39,3.98,1485,-4681
23:05:52.757,-17.26,2.56,1503,-4621
23:05:52.824,-18.75,1.16,1490,-4682
23:05:52.888,-19.3,0.04,1519,-4684
23:05:52.953,-19.3,-0.82,1534,-4680
23:05:53.019,-18.31,-1.86,1548,-4679
23:05:53.086,-16.5,-3.17,1548,-4679
23:05:53.151,-14.53,-4.02,1548,-4679
23:05:53.213,-12.47,-5.48,1548,-4680
23:05:53.278,-10.47,-6.68,1553,-4679
23:05:53.344,-8.19,-7.95,1554,-4679
23:05:53.409,-6.09,-8.9,1554,-4679
23:05:53.475,-3.84,-9.8,1556,-4679
23:05:53.540,-1.83,-10.99,1557,-4679
23:05:53.602,0.33,-11.68,1570,-4680
23:05:53.667,2.06,-12.2,1597,-4682
23:05:53.734,4.09,-12.41,1614,-4682
23:05:53.800,6.11,-12.79,1616,-4684
23:05:53.859,7.82,-13.26,1621,-4688
23:05:53.924,9.4,-13.68,1690,-4683
23:05:53.989,10.87,-13.43,1691,-4685
23:05:54.057,12.15,-12.78,1694,-4685
23:05:54.122,12.73,-11.64,1720,-4683
23:05:54.188,11.84,-10.12,1760,-4670
23:05:54.254,10.64,-8.33,1760,-4670
23:05:54.316,8.91,-6.56,1760,-4670
23:05:54.379,7.12,-4.59,1759,-4669
23:05:54.441,4.54,-2.15,1757,-4669
23:05:54.507,2.37,0.58,1752,-4673
23:05:54.569,-0.43,2.99,1747,-4673
23:05:54.631,-3.4,3.96,1746,-4673
23:05:54.691,-4.78,2.54,1719,-4673
23:05:54.756,-3.05,-0.6,1690,-4673
23:05:54.818,-0.23,-5.19,1690,-4678
23:05:54.883,1.21,-7.58,1695,-4683
23:05:54.945,0.19,-3.11,1697,-4683
23:05:55.006,-2.01,1.94,1702,-4684
23:05:55.066,0.38,-2.13,1702,-4681
23:05:55.133,0.41,-3.18,1702,-4687
23:05:55.194,-2.56,4.83,1749,-4690
23:05:55.256,1.22,-3.36,1749,-4676
23:05:55.317,0.16,-1.49,1749,-4678
23:05:55.384,-0.91,-2.28,1689,-4685
23:05:55.444,-1.12,-2.73,1737,-4674
23:05:55.510,-2.24,-3.52,1746,-4678
23:05:55.572,-3.29,1.15,1748,-4685
23:05:55.638,-1.76,-7.09,1793,-4685
23:05:55.702,-2.89,-0.31,1799,-4676
23:05:55.764,-1.08,-4.93,1799,-4683
23:05:55.830,-2.01,-3.17,1788,-4673
23:05:55.895,-2.89,-2.24,1789,-4685
23:05:55.955,-3.31,-2.14,1850,-4599
23:05:56.018,-3.75,1.87,1824,-4594
23:05:56.083,-2.79,-5.38,1809,-4591
23:05:56.145,-2.99,-6.6,1856,-4568
23:05:56.211,-2.63,-1.63,1866,-4568
23:05:56.273,-1.39,4.08,1983,-4652
23:05:56.335,-0.95,1.57,1954,-4677
23:05:56.399,-4.5,-7.23,1938,-4634
23:05:56.459,-5.72,-7.85,1888,-4556
23:05:56.526,-2.83,-1.76,1895,-4599
23:05:56.587,0.99,3.94,1823,-4585
23:05:56.653,-1.05,-1.23,1768,-4577
23:05:56.719,-10.91,-7.09,1834,-4566
23:05:56.780,-9.89,-6.95,1848,-4582
23:05:56.846,-4.07,-1.03,1747,-4610
23:05:56.906,1.2,2.35,1656,-4621
23:05:56.971,1.63,1.01,1703,-4587
23:05:57.034,-4.01,-1.31,1700,-4585
23:05:57.099,-15.89,-5.7,1741,-4538
23:05:57.165,-12.37,-5.5,1699,-4487
23:05:57.226,-6.06,0.24,1589,-4442
23:05:57.288,1.17,4.28,1518,-4426
23:05:57.352,5.37,3.8,1511,-4418
23:05:57.414,7.49,2.22,1532,-4389
23:05:57.476,9.2,-0.48,1510,-4426
23:05:57.543,11.61,-5.52,1509,-4427
23:05:57.607,11.95,-14.33,1510,-4423
23:05:57.673,7.72,-20.63,1510,-4418
23:05:57.739,1.93,-22.58,1507,-4422
23:05:57.804,-1.83,-22.19,1527,-4439
23:05:57.869,-5.42,-19.26,1496,-4394
23:05:57.934,-8.41,-11.65,1511,-4351
23:05:57.997,-8.94,-2.85,1467,-4372
23:05:58.062,-5.45,-1.32,1440,-4380
23:05:58.128,-0.9,-4.44,1476,-4380
23:05:58.193,-0.29,-11.76,1547,-4363
23:05:58.258,-4.34,-17,1533,-4351
23:05:58.324,-9.8,-15.01,1473,-4327
23:05:58.388,-12.41,-6.22,1451,-4287
23:05:58.456,-10.48,1.84,1418,-4320
23:05:58.517,-4.56,4.96,1458,-4314
23:05:58.579,2.02,0.8,1561,-4320
23:05:58.645,4.65,-10.42,1507,-4341
23:05:58.707,2,-17.95,1447,-4354
23:05:58.775,-1.48,-18.07,1340,-4368
23:05:58.840,-6.91,-13.59,1373,-4372
23:05:58.906,-10.92,-5.7,1328,-4386
23:05:58.971,-10.86,1.89,1267,-4369
23:05:59.033,-6.98,5.23,1327,-4436
23:05:59.097,-1.08,5.88,1355,-4428
23:05:59.159,2.26,0.24,1404,-4505
23:05:59.225,-1.1,-5.13,1419,-4500
23:05:59.285,-8.87,-2.42,1393,-4497
23:05:59.351,-13.95,-2.59,1425,-4462
23:05:59.417,-16.78,-2.31,1440,-4450
23:05:59.483,-12.83,0.36,1417,-4502
23:05:59.549,-5.81,2.26,1403,-4426
23:05:59.612,2.23,3.32,1417,-4446
23:05:59.673,8.71,3,1431,-4432
23:05:59.738,11.8,1.5,1388,-4447
23:05:59.800,10.21,1.66,1388,-4447
23:05:59.860,1.3,2.65,1388,-4446
23:05:59.924,-7.81,0.52,1402,-4440
23:05:59.991,-12.93,-1.93,1439,-4511
23:06:00.056,-13.29,-2.65,1492,-4511
23:06:00.121,-8.76,-0.16,1444,-4503
23:06:00.184,-1.5,2.38,1445,-4545
23:06:00.245,5.28,3.09,1430,-4558
23:06:00.310,8.06,2.69,1447,-4534
23:06:00.372,6.66,2.61,1460,-4495
23:06:00.434,3.81,2.73,1426,-4525
23:06:00.496,0.27,2.71,1448,-4488
23:06:00.560,-1.33,2.68,1412,-4473
23:06:00.623,-2,2.85,1455,-4514
23:06:00.687,-2.55,2.9,1461,-4519
23:06:00.749,-3.55,2.71,1469,-4519
23:06:00.819,-4.68,2.17,1469,-4519
23:06:00.876,-6.16,1.77,1469,-4519
23:06:00.942,-7.28,1.51,1470,-4519
23:06:01.003,-8.17,1.64,1470,-4518
23:06:01.068,-8.45,1.82,1470,-4514
23:06:01.128,-8.09,1.77,1470,-4514
23:06:01.198,-6.74,1.41,1467,-4513
23:06:01.255,-5.48,1.02,1466,-4513
23:06:01.321,-4.25,0.44,1466,-4513
23:06:01.384,-3.12,-0.13,1464,-4517
23:06:01.450,-2.2,-0.5,1463,-4520
23:06:01.514,-1.49,-0.89,1476,-4518
23:06:01.580,-1.11,-1.35,1476,-4520
23:06:01.643,-0.51,-1.69,1476,-4520
23:06:01.707,0.28,-2.12,1476,-4520
23:06:01.768,0.88,-2.44,1489,-4522
23:06:01.835,1.28,-2.92,1494,-4526
23:06:01.894,1.5,-3.37,1501,-4531
23:06:01.960,2.09,-3.86,1446,-4488
23:06:02.022,2.56,-4.46,1446,-4487
23:06:02.088,3.2,-4.7,1446,-4487
23:06:02.151,3.72,-5.24,1456,-4483
23:06:02.215,4.14,-5.79,1462,-4483
23:06:02.276,4.73,-6.3,1467,-4483
23:06:02.341,5.36,-7.09,1468,-4483
23:06:02.403,5.89,-7.83,1471,-4478
23:06:02.467,6.36,-8.74,1471,-4478
23:06:02.532,6.57,-9.6,1476,-4478
23:06:02.597,6.63,-10.38,1476,-4478
23:06:02.664,6.74,-11.09,1476,-4478
23:06:02.726,6.7,-11.74,1476,-4478
23:06:02.790,6.4,-12.56,1476,-4478
23:06:02.854,5.97,-13.63,1476,-4478
23:06:02.919,5.35,-14.5,1476,-4476
23:06:02.985,4.72,-15.01,1476,-4475
23:06:03.046,4.29,-15.55,1476,-4475
23:06:03.113,4.11,-16.13,1476,-4475
23:06:03.178,4.15,-16.82,1476,-4475
23:06:03.243,4.4,-17.32,1473,-4475
23:06:03.304,4.87,-18.16,1471,-4474
23:06:03.369,5.31,-18.74,1471,-4474
23:06:03.435,5.41,-19.2,1471,-4474
23:06:03.502,5.12,-19.68,1471,-4474
23:06:03.562,4.57,-20.02,1471,-4474
23:06:03.630,3.74,-20.3,1471,-4474
23:06:03.693,3.25,-20.52,1471,-4474
23:06:03.758,3.14,-20.74,1471,-4474
23:06:03.820,3.28,-21.05,1471,-4474
23:06:03.886,3.59,-21.04,1469,-4474
23:06:03.951,4.45,-20.64,1463,-4468
23:06:04.017,6.14,-19.89,1463,-4471
23:06:04.079,6.36,-19.28,1478,-4467
23:06:04.143,2.71,-19.56,1536,-4478
23:06:04.210,-6.47,-21.74,1516,-4468
23:06:04.273,-12.53,-20.03,1507,-4441
23:06:04.344,-11.27,-19.29,1513,-4453
23:06:04.410,-3.69,-17.49,1477,-4512
23:06:04.474,6.92,-14,1471,-4500
23:06:04.543,11.75,-12.16,1658,-4589
23:06:04.605,4.86,-13.24,1659,-4587
23:06:04.669,-3.76,-14.63,1667,-4593
23:06:04.734,1.31,-16.03,1516,-4588
23:06:04.800,6.92,-12.28,1493,-4637
23:06:04.867,11.48,-11.14,1592,-4635
23:06:04.930,2.55,-12.66,1529,-4658
23:06:04.997,-10.05,-13.38,1380,-4810
23:06:05.062,-8.48,-13.73,1376,-4653
23:06:05.123,0.19,-7.99,1237,-4672
23:06:05.188,9.26,-4.3,1273,-4694
23:06:05.254,10.33,-3.19,1265,-4727
23:06:05.316,-1.64,-4.86,1252,-4808
23:06:05.381,-14.8,-8.59,1373,-6189
23:06:05.448,-14.26,-8.19,1387,-5532
23:06:05.511,-5.54,-2.43,1353,-4823
23:06:05.574,5.8,1.82,1353,-4881
23:06:05.639,13.96,3.42,1368,-4888
23:06:05.699,11.48,2.6,1367,-4927
23:06:05.764,-2.15,0.45,1401,-4927
23:06:05.832,-14.35,-5.88,1427,-4912
23:06:05.896,-14.03,-6,1511,-4902
23:06:05.963,-8.21,-0.6,1343,-4924
23:06:06.023,-1.34,5.51,1309,-4927
23:06:06.090,-0.07,10.47,1264,-4922
23:06:06.154,-1.85,12.41,1260,-4922
23:06:06.218,-7.76,10.35,1253,-4976
23:06:06.280,-11.34,3.64,1206,-4917
23:06:06.347,-10.08,-4.9,1181,-4886
23:06:06.413,-9.79,-6.16,1224,-4923
23:06:06.478,-11.42,0.15,1218,-4918
23:06:06.540,-16.22,7.75,1209,-4946
23:06:06.608,-17.9,12.85,1174,-4950
23:06:06.671,-16.77,12.49,1162,-4950
23:06:06.737,-13.82,6.27,1169,-4872
23:06:06.801,-9.13,-3.94,1194,-4901
23:06:06.867,-4.99,-12.31,1217,-4883
23:06:06.931,-4.61,-10.05,1200,-4897
23:06:06.995,-9.67,0.05,1208,-4915
23:06:07.060,-14.5,9.22,1204,-4927
23:06:07.125,-13.68,10.42,1196,-4942
23:06:07.192,-12.59,6.6,1181,-4941
23:06:07.256,-8.77,-2.05,1183,-4889
23:06:07.318,-5.92,-9.14,1196,-4893
23:06:07.384,-5.56,-8.76,1196,-4890
23:06:07.451,-6.69,-1.95,1196,-4891
23:06:07.510,-2.61,1.94,1100,-4913
23:06:07.576,4.24,2.56,1115,-4983
23:06:07.636,8.76,2.73,1116,-4976
23:06:07.701,6.69,1.64,1130,-4937
23:06:07.764,-3.18,1.38,1161,-4939
23:06:07.832,-12.77,-0.2,1205,-4933
23:06:07.895,-18.39,-0.31,1241,-4936
23:06:07.957,-16.33,0.65,1211,-4932
23:06:08.022,-7.24,1.54,1187,-4835
23:06:08.084,3.87,2.16,1221,-4927
23:06:08.151,12.46,0.98,1284,-5015
23:06:08.212,11.82,0.31,1282,-4897
23:06:08.273,3.33,2.5,1288,-4890
23:06:08.338,-8.59,2.66,1350,-4979
23:06:08.403,-11.62,2.18,1362,-4975
23:06:08.464,-6.53,2.81,1385,-4960
23:06:08.527,4.54,4.07,1327,-5050
23:06:08.591,12.98,3.5,1315,-4992
23:06:08.653,13.8,2.44,1277,-5051
23:06:08.718,5.64,2.76,1283,-5051
23:06:08.781,-6.36,0.78,1285,-5051
23:06:08.846,-14.54,1.01,1287,-5081
23:06:08.912,-19.23,3.01,1325,-5015
23:06:08.974,-21.47,3.97,1341,-5025
23:06:09.039,-20.01,4.65,1297,-5020
23:06:09.104,-15.6,4.33,1228,-4987
23:06:09.166,-9.75,2.54,1272,-4925
23:06:09.231,-4.88,-0.03,1274,-4932
23:06:09.297,-1.37,-3.26,1277,-4933
23:06:09.359,1.19,-5.73,1277,-4933
23:06:09.423,2.91,-7.9,1277,-4933
23:06:09.484,3.9,-9.97,1277,-4933
23:06:09.550,4.02,-11.5,1281,-4932
23:06:09.616,3.22,-12.67,1292,-4931
23:06:09.682,1.84,-14.09,1328,-4931
23:06:09.744,0.76,-15.12,1341,-4931
23:06:09.808,-0.35,-15.7,1360,-4931
23:06:09.874,-1.18,-16.53,1386,-4936
23:06:09.940,-1.71,-17.46,1411,-4937
23:06:10.006,-2.2,-17.62,1431,-4937
23:06:10.070,-2.78,-17.78,1460,-4934
23:06:10.136,-3.37,-17.78,1461,-4936
23:06:10.201,-4.22,-17.65,1475,-4932
23:06:10.266,-4.87,-17.29,1462,-4932
23:06:10.332,-5.39,-16.89,1447,-4929
23:06:10.399,-5.73,-16.54,1432,-4929
23:06:10.463,-6.26,-15.65,1430,-4928
23:06:10.529,-6.5,-15.26,1419,-4928
23:06:10.595,-6.74,-14.69,1418,-4925
23:06:10.659,-6.79,-14.57,1417,-4924
23:06:10.727,-6.69,-14.65,1403,-4925
23:06:10.791,-6.23,-14.95,1389,-4925
23:06:10.858,-5.52,-15.33,1370,-4931
23:06:10.923,-4.59,-16.29,1362,-4932
23:06:10.988,-3.27,-16.6,1336,-4929
23:06:11.054,-1.8,-16.43,1315,-4928
23:06:11.121,-0.28,-16.75,1302,-4928
23:06:11.185,1.24,-16.94,1301,-4928
23:06:11.250,2.64,-16.91,1281,-4932
23:06:11.317,4.61,-16.55,1225,-4938
23:06:11.377,6.49,-16.12,1215,-4946
23:06:11.441,8.23,-16.24,1214,-4951
23:06:11.508,9.92,-16.75,1192,-4947
23:06:11.574,11.01,-16.73,1178,-4946
23:06:11.637,11.67,-15.91,1178,-4948
23:06:11.705,11.79,-16.12,1181,-4953
23:06:11.770,11.82,-16.74,1184,-4953
23:06:11.835,11.46,-16.75,1199,-4955
23:06:11.900,11.31,-16.87,1199,-4955
23:06:11.967,10.99,-16.93,1206,-4958
23:06:12.033,10.65,-17.13,1214,-4964
23:06:12.098,10.64,-17.04,1215,-4964
23:06:12.165,10.78,-17.04,1217,-4964
23:06:12.228,10.75,-17.07,1222,-4964
23:06:12.293,10.81,-16.97,1222,-4960
23:06:12.359,10.81,-17,1223,-4962
23:06:12.424,10.78,-16.96,1224,-4962
23:06:12.493,10.74,-16.91,1224,-4963
23:06:12.556,10.7,-16.91,1225,-4965
23:06:12.623,10.69,-16.89,1226,-4964
23:06:12.688,10.68,-16.88,1226,-4964
23:06:12.755,10.68,-16.88,1226,-4964
23:06:12.817,10.68,-16.85,1226,-4964
23:06:12.883,10.67,-16.85,1226,-4964
23:06:12.951,10.68,-16.86,1227,-4964
23:06:13.015,10.67,-16.84,1227,-4964
23:06:13.083,10.69,-16.8,1227,-4964
23:06:13.147,10.66,-16.86,1227,-4964
23:06:13.213,10.67,-16.81,1227,-4964
23:06:13.277,10.67,-16.85,1227,-4964
23:06:13.343,10.68,-16.85,1227,-4964
23:06:13.408,10.71,-16.8,1227,-4964
23:06:13.475,10.69,-16.83,1227,-4964
23:06:13.540,10.71,-16.81,1227,-4964
23:06:13.605,10.72,-16.79,1227,-4964
23:06:13.672,10.69,-16.8,1227,-4964
23:06:13.737,10.69,-16.81,1227,-4964
23:06:13.801,10.72,-16.8,1227,-4964
23:06:13.867,10.73,-16.8,1227,-4965
23:06:13.933,10.75,-16.8,1227,-4965
23:06:13.999,10.92,-16.55,1236,-4963
23:06:14.065,11,-16.73,1255,-4934
23:06:14.129,11.31,-16.68,1330,-4930
23:06:14.193,11.82,-16.47,1296,-4935
23:06:14.260,12.44,-15.54,1282,-4936
23:06:14.325,12.72,-14.55,1277,-4935
23:06:14.391,13.04,-14.14,1279,-4937
23:06:14.458,13.25,-13.05,1267,-4937
23:06:14.523,13.83,-11.44,1231,-4939
23:06:14.587,14.66,-9.86,1248,-4924
23:06:14.652,15.37,-9.23,1222,-4923
23:06:14.716,15.98,-9.12,1328,-4859
23:06:14.781,16.55,-9.05,1327,-4858
23:06:14.847,17.33,-8.91,1312,-4858
23:06:14.911,18.28,-8.46,1282,-4862
23:06:14.973,19.02,-7.97,1246,-4861
23:06:15.040,19.09,-7.73,1245,-4857
23:06:15.104,18.6,-7.68,1249,-4859
23:06:15.171,18.46,-7.49,1250,-4859
23:06:15.230,18.7,-6.94,1246,-4857
23:06:15.296,18.77,-6.61,1239,-4856
23:06:15.362,18.49,-6.46,1238,-4856
23:06:15.428,18.08,-6.49,1238,-4856
23:06:15.490,17.9,-6.19,1238,-4856
23:06:15.553,17.74,-5.63,1238,-4856
23:06:15.620,17.54,-5.12,1238,-4856
23:06:15.686,17.3,-4.7,1238,-4856
23:06:15.747,17.27,-4.43,1238,-4856
23:06:15.811,17.17,-4.17,1238,-4856
23:06:15.881,16.79,-3.94,1238,-4856
23:06:15.944,16.29,-3.79,1249,-4864
23:06:16.004,15.71,-3.46,1250,-4865
23:06:16.071,15.4,-3.08,1250,-4865
23:06:16.135,15.36,-2.75,1250,-4865
23:06:16.202,15.36,-2.56,1250,-4865
23:06:16.263,15.37,-2.56,1250,-4865
23:06:16.328,15.33,-2.89,1250,-4865
23:06:16.395,15.65,-3.25,1250,-4865
23:06:16.459,15.94,-3.58,1250,-4865
23:06:16.522,16.14,-3.92,1250,-4865
23:06:16.587,16.28,-4.26,1251,-4865
23:06:16.652,16.42,-4.81,1244,-4865
23:06:16.718,15.92,-5.37,1237,-4859
23:06:16.779,14.42,-6.61,1237,-4864
23:06:16.846,12.89,-7.73,1248,-4865
23:06:16.911,11.57,-8.41,1251,-4868
23:06:16.975,10.91,-8.52,1251,-4867
23:06:17.036,10.01,-8.82,1251,-4866
23:06:17.108,8.54,-9.52,1251,-4866
23:06:17.173,7.02,-10.19,1266,-4875
23:06:17.233,5.67,-10.8,1278,-4880
23:06:17.298,4.97,-11.08,1280,-4880
23:06:17.361,4.44,-11.23,1275,-4878
23:06:17.427,3.88,-11.36,1276,-4876
23:06:17.488,3.34,-11.52,1274,-4875
23:06:17.553,2.55,-11.85,1274,-4875
23:06:17.618,1.8,-12.19,1278,-4875
23:06:17.684,1.23,-12.28,1279,-4875
23:06:17.746,0.67,-12.39,1279,-4875
23:06:17.811,-0.2,-12.68,1284,-4875
23:06:17.879,-1.07,-13,1296,-4875
23:06:17.943,-1.81,-13.31,1300,-4875
23:06:18.008,-2.48,-13.59,1310,-4873
23:06:18.074,-3.09,-13.82,1311,-4873
23:06:18.138,-3.51,-14.14,1311,-4870
23:06:18.205,-3.71,-14.5,1308,-4868
23:06:18.272,-3.61,-14.85,1307,-4868
23:06:18.334,-3.37,-15.04,1302,-4867
23:06:18.402,-3.39,-15.23,1301,-4867
23:06:18.468,-3.34,-15.26,1298,-4864
23:06:18.534,-3.14,-15.11,1287,-4854
23:06:18.598,-2.9,-14.79,1296,-4862
23:06:18.668,-1.59,-14.18,1296,-4864
23:06:18.730,0.48,-13.47,1282,-4860
23:06:18.795,1.94,-12.97,1274,-4860
23:06:18.860,3.66,-12.44,1274,-4860
23:06:18.926,5.69,-11.64,1270,-4860
23:06:18.987,7.82,-10.71,1240,-4861
23:06:19.053,9.26,-9.94,1227,-4860
23:06:19.117,10.38,-9.26,1226,-4859
23:06:19.179,11.34,-8.53,1226,-4855
23:06:19.247,12.3,-7.66,1219,-4855
23:06:19.311,13.57,-6.85,1205,-4854
23:06:19.375,15.26,-6.18,1220,-4814
23:06:19.437,16.89,-5.93,1177,-4817
23:06:19.502,19.7,-5.61,1240,-4818
23:06:19.568,22.54,-5.46,1224,-4856
23:06:19.634,24.95,-5.55,1222,-4866
23:06:19.695,26.21,-5.64,1247,-4873
23:06:19.760,26.06,-5.3,1240,-4885
23:06:19.825,25.12,-5.54,1235,-4886
23:06:19.894,23.79,-5.31,1240,-4900
23:06:19.955,22.73,-5.12,1234,-4892
23:06:20.019,21.76,-5.66,1229,-4882
23:06:20.085,20.43,-7.07,1214,-4886
23:06:20.150,19.08,-10.8,1217,-4872
23:06:20.215,17.53,-9.77,1228,-4865
23:06:20.277,15.19,-9.32,1229,-4865
23:06:20.345,13.08,-8.66,1257,-4865
23:06:20.407,8.73,-9.23,1298,-4824
23:06:20.468,4.65,-10.08,1294,-4809
23:06:20.536,1.07,-11.94,1340,-4746
23:06:20.599,-1.26,-12.99,1366,-4745
23:06:20.666,-2.26,-14.05,1355,-4737
23:06:20.732,-3.41,-14.99,1340,-4737
23:06:20.798,-4,-15.37,1326,-4739
23:06:20.863,-4.46,-16.76,1311,-4743
23:06:20.929,-6.68,-17.92,1323,-4746
23:06:20.994,-8.6,-18.11,1342,-4744
23:06:21.060,-9.1,-17.41,1311,-4740
23:06:21.126,-9.55,-17.49,1296,-4740
23:06:21.190,-9.68,-17.38,1280,-4740
23:06:21.254,-9.29,-16.98,1263,-4734
23:06:21.320,-9.21,-16.74,1239,-4730
23:06:21.389,-9.23,-16.44,1235,-4732
23:06:21.453,-8.73,-16.78,1233,-4730
23:06:21.519,-7.47,-16.17,1226,-4731
23:06:21.582,-7.23,-16.58,1245,-4740
23:06:21.648,-6.34,-15.75,1238,-4787
23:06:21.715,-4.83,-15.03,1241,-4790
23:06:21.783,-2.37,-14.42,1204,-4809
23:06:21.846,0.48,-13.89,1173,-4825
23:06:21.911,2.43,-13.54,1175,-4822
23:06:21.973,4.22,-13.63,1174,-4822
23:06:22.039,5.32,-14.55,1174,-4823
23:06:22.104,7.42,-13.95,1171,-5160
23:06:22.170,10.04,-13.06,1140,-5365
23:06:22.235,12.5,-12.62,1153,-5359
23:06:22.299,15.21,-12.22,1162,-5358
23:06:22.367,17.11,-12.06,1164,-5328
23:06:22.432,17.78,-12.08,1170,-5321
23:06:22.497,17.72,-12.25,1162,-5348
23:06:22.564,17.19,-12.49,1162,-5347
23:06:22.627,17.14,-12.44,1159,-5351
23:06:22.693,16.84,-12.43,1164,-5336
23:06:22.759,16.87,-12.81,1187,-4866
23:06:22.826,15.14,-13.37,1225,-4718
23:06:22.890,12.67,-14.43,1234,-4728
23:06:22.954,10.31,-14.98,1217,-4707
23:06:23.020,7.56,-15.21,1230,-4657
23:06:23.082,5.3,-15.52,1231,-4695
23:06:23.149,3.77,-15.55,1244,-4696
23:06:23.214,1.87,-16.27,1248,-4676
23:06:23.281,0.66,-16.82,1263,-4678
23:06:23.344,-0.43,-17.71,1267,-4682
23:06:23.409,-1.81,-18.61,1262,-4757
23:06:23.475,-3.15,-19.61,1279,-4767
23:06:23.541,-4.02,-19.89,1293,-4774
23:06:23.605,-4.27,-20.32,1281,-4774
23:06:23.672,-4.61,-20.62,1281,-4773
23:06:23.739,-4.18,-20.79,1278,-4773
23:06:23.804,-3.69,-20.57,1274,-4773
23:06:23.869,-3.33,-20.47,1273,-4773
23:06:23.934,-3.5,-20.56,1272,-4770
23:06:23.999,-3.87,-20.33,1272,-4769
23:06:24.066,-3.52,-19.99,1259,-4768
23:06:24.131,-3.06,-19.51,1271,-4772
23:06:24.196,-1.42,-18.53,1271,-4772
23:06:24.262,0.24,-17.89,1271,-4774
23:06:24.322,2.55,-16.91,1271,-4773
23:06:24.389,5.6,-15.62,1255,-4751
23:06:24.454,8.08,-14.55,1211,-4761
23:06:24.519,9.75,-13.67,1192,-4759
23:06:24.587,10.88,-12.79,1192,-4756
23:06:24.651,11.8,-11.98,1192,-4756
23:06:24.717,12.73,-11.13,1192,-4756
23:06:24.784,14,-10.2,1189,-4754
23:06:24.845,15.59,-9.14,1188,-4751
23:06:24.909,16.42,-8.39,1188,-4751
23:06:24.976,16.54,-8.11,1189,-4751
23:06:25.039,16.46,-7.94,1197,-4749
23:06:25.104,16.6,-7.5,1197,-4749
23:06:25.167,16.81,-6.62,1193,-4750
23:06:25.232,15.93,-5.93,1197,-4750
23:06:25.297,15.36,-5.43,1198,-4750
23:06:25.359,14.25,-5.26,1199,-4750
23:06:25.425,13.44,-5.23,1202,-4750
23:06:25.490,11.91,-5.37,1212,-4750
23:06:25.557,10.43,-5.86,1190,-4716
23:06:25.619,8.16,-6.81,1265,-4724
23:06:25.684,6.56,-7.89,1281,-4721
23:06:25.745,5.23,-8.4,1281,-4710
23:06:25.810,3.97,-9.07,1263,-4703
23:06:25.873,2.79,-9.63,1213,-4697
23:06:25.938,2.23,-10.46,1251,-4701
23:06:26.003,1.69,-11.22,1237,-4661
23:06:26.064,0.9,-11.94,1240,-4718
23:06:26.129,0.75,-12.89,1214,-4718
23:06:26.195,1,-13.36,1243,-4678
23:06:26.263,1.44,-14.11,1243,-4678
23:06:26.324,1.54,-16.04,1230,-4679
23:06:26.388,1.89,-17.4,1229,-4678
23:06:26.454,2,-19.71,1212,-4677
23:06:26.518,1.85,-19.67,1181,-4680
23:06:26.580,1.53,-18.99,1148,-4680
23:06:26.644,1.27,-18.62,1147,-4696
23:06:26.713,1.12,-18.21,1152,-4699
23:06:26.777,1.07,-17.89,1166,-4698
23:06:26.838,1.12,-16.65,1164,-4703
23:06:26.904,1.03,-16.39,1176,-4709
23:06:26.970,0.96,-15.61,1221,-4737
23:06:27.035,1.27,-15.54,1217,-4738
23:06:27.097,1.51,-15.24,1241,-4735
23:06:27.163,1.82,-15.4,1272,-4739
23:06:27.228,2.43,-17.08,1271,-4736
23:06:27.293,2.6,-17.29,1260,-4734
23:06:27.353,3.48,-16.73,1246,-4738
23:06:27.420,3.99,-16.16,1246,-4739
23:06:27.485,5.12,-15.65,1258,-4736
23:06:27.550,6.82,-14.33,1258,-4735
23:06:27.612,7.26,-13.14,1266,-4736
23:06:27.680,7.17,-11.81,1266,-4739
23:06:27.743,6.73,-11.07,1253,-4741
23:06:27.808,6.7,-10.82,1252,-4742
23:06:27.870,6.8,-10.96,1252,-4745
23:06:27.936,8.13,-10.81,1285,-4754
23:06:28.003,9.35,-10.63,1289,-4751
23:06:28.068,10.22,-10.72,1296,-4752
23:06:28.133,10.47,-10.89,1301,-4752
23:06:28.199,10.26,-10.7,1301,-4752
23:06:28.264,10.2,-10.29,1300,-4755
23:06:28.329,10.27,-10.05,1298,-4757
23:06:28.396,10.49,-9.84,1297,-4757
23:06:28.455,10.65,-9.75,1296,-4757
23:06:28.522,10.92,-9.51,1296,-4758
23:06:28.588,11.02,-9.2,1296,-4758
23:06:28.653,10.8,-8.95,1296,-4758
23:06:28.714,10.7,-8.75,1295,-4758
23:06:28.780,10.75,-8.56,1294,-4758
23:06:28.845,11.1,-8.38,1294,-4758
23:06:28.914,11.37,-8.2,1293,-4758
23:06:28.975,11.53,-7.97,1293,-4758
23:06:29.039,11.84,-7.69,1293,-4758
23:06:29.103,12.1,-7.39,1293,-4758
23:06:29.170,12.18,-7.21,1293,-4758
23:06:29.230,12.31,-7.06,1293,-4758
23:06:29.296,12.56,-6.81,1293,-4758
23:06:29.361,12.63,-6.7,1293,-4758
23:06:29.428,12.72,-6.63,1293,-4758
23:06:29.487,13,-6.53,1293,-4758
23:06:29.553,13.35,-6.35,1293,-4758
23:06:29.620,13.48,-6.13,1293,-4758
23:06:29.688,13.62,-5.93,1293,-4758
23:06:29.749,13.64,-5.75,1293,-4758
23:06:29.814,13.74,-5.57,1294,-4758
23:06:29.877,13.78,-5.42,1294,-4758
23:06:29.943,13.88,-5.28,1295,-4758
23:06:30.006,14.18,-5.14,1296,-4758
23:06:30.070,14.36,-5.01,1296,-4758
23:06:30.136,14.63,-4.82,1297,-4758
23:06:30.201,14.87,-4.61,1298,-4758
23:06:30.262,15.19,-4.41,1302,-4756
23:06:30.328,15.35,-4.32,1302,-4755
23:06:30.395,15.53,-4.19,1302,-4755
23:06:30.457,15.68,-4.03,1302,-4755
23:06:30.519,15.86,-3.91,1302,-4755
23:06:30.586,16.04,-3.79,1302,-4753
23:06:30.650,16.13,-3.56,1302,-4753
23:06:30.716,16.42,-3.39,1302,-4753
23:06:30.779,16.59,-3.3,1302,-4753
23:06:30.845,16.71,-3.17,1302,-4753
23:06:30.909,16.82,-3.14,1302,-4753
23:06:30.975,16.84,-3.17,1302,-4752
23:06:31.035,16.83,-3.22,1303,-4752
23:06:31.101,16.82,-3.26,1303,-4752
23:06:31.168,16.75,-3.37,1303,-4752
23:06:31.234,16.75,-3.44,1303,-4752
23:06:31.296,16.64,-3.55,1303,-4752
23:06:31.360,16.3,-3.66,1303,-4752
23:06:31.424,16.07,-3.71,1303,-4752
23:06:31.491,15.9,-3.69,1303,-4752
23:06:31.552,15.83,-3.73,1303,-4753
23:06:31.620,15.72,-3.97,1303,-4753
23:06:31.684,15.72,-4.21,1303,-4753
23:06:31.748,15.76,-4.44,1303,-4753
23:06:31.810,15.67,-4.61,1303,-4753
23:06:31.877,15.47,-4.65,1303,-4753
23:06:31.941,14.98,-4.73,1303,-4754
23:06:32.007,14.4,-4.79,1303,-4755
23:06:32.068,14.09,-4.78,1300,-4757
23:06:32.136,13.82,-4.82,1299,-4757
23:06:32.198,13.44,-4.95,1299,-4757
23:06:32.265,13.21,-5.14,1299,-4757
23:06:32.326,13.09,-5.29,1299,-4757
23:06:32.392,13.08,-5.46,1299,-4757
23:06:32.457,12.91,-5.61,1299,-4757
23:06:32.525,12.89,-5.76,1299,-4757
23:06:32.586,12.85,-5.82,1299,-4757
23:06:32.651,12.78,-6.01,1298,-4757
23:06:32.714,12.5,-6.15,1298,-4757
23:06:32.780,12.5,-6.16,1298,-4757
23:06:32.843,12.38,-6.27,1298,-4757
23:06:32.912,12.18,-6.35,1298,-4757
23:06:32.974,11.95,-6.47,1296,-4757
23:06:33.039,11.88,-6.58,1296,-4757
23:06:33.101,11.7,-6.67,1295,-4757
23:06:33.165,11.64,-6.81,1295,-4757
23:06:33.232,11.5,-6.98,1295,-4757
23:06:33.297,11.31,-7.12,1295,-4757
23:06:33.359,11.17,-7.24,1295,-4757
23:06:33.425,10.87,-7.43,1295,-4757
23:06:33.492,10.51,-7.66,1295,-4757
23:06:33.554,10.24,-7.89,1295,-4757
23:06:33.616,9.97,-8.06,1295,-4757
23:06:33.683,9.78,-8.16,1295,-4757
23:06:33.744,9.5,-8.29,1295,-4757
23:06:33.808,9.07,-8.5,1295,-4757
23:06:33.871,8.77,-8.63,1295,-4757
23:06:33.937,8.56,-8.79,1295,-4757
23:06:33.999,8.35,-9.03,1296,-4757
23:06:34.063,8.13,-9.23,1296,-4757
23:06:34.125,8.04,-9.32,1296,-4757
23:06:34.193,7.86,-9.51,1302,-4755
23:06:34.254,7.45,-9.95,1303,-4750
23:06:34.319,6.92,-10.27,1303,-4749
23:06:34.382,6.66,-10.4,1303,-4749
23:06:34.443,6.43,-10.48,1303,-4749
23:06:34.510,6.38,-10.56,1303,-4749
23:06:34.576,6.41,-10.72,1303,-4749
23:06:34.639,6.26,-10.9,1303,-4749
23:06:34.702,6.14,-11.12,1303,-4749
23:06:34.770,5.84,-11.31,1303,-4749
23:06:34.833,5.7,-11.36,1303,-4749
23:06:34.899,5.46,-11.45,1303,-4749
23:06:34.961,5.17,-11.6,1303,-4750
23:06:35.025,5.02,-11.77,1303,-4751
23:06:35.092,4.95,-11.89,1303,-4751
23:06:35.157,5.04,-11.94,1303,-4751
23:06:35.217,4.9,-12.13,1303,-4751
23:06:35.283,4.77,-12.31,1303,-4751
23:06:35.349,4.65,-12.52,1303,-4751
23:06:35.414,4.68,-12.68,1303,-4751
23:06:35.478,4.89,-12.66,1303,-4751
23:06:35.542,4.75,-12.76,1303,-4751
23:06:35.608,4.62,-12.83,1303,-4751
23:06:35.673,4.54,-12.92,1303,-4751
23:06:35.735,4.53,-13.03,1303,-4751
23:06:35.800,4.57,-12.92,1303,-4750
23:06:35.866,4.58,-12.94,1304,-4750
23:06:35.932,4.61,-12.93,1333,-4754
23:06:35.992,4.64,-13.11,1333,-4755
23:06:36.059,4.83,-13.27,1327,-4756
23:06:36.122,5.11,-13.35,1327,-4757
23:06:36.190,5.39,-13.38,1326,-4785
23:06:36.251,5.63,-13.26,1308,-5094
23:06:36.317,5.9,-13.04,1274,-5489
23:06:36.381,6.12,-13.02,1274,-5496
23:06:36.446,6.36,-12.96,1276,-5496
23:06:36.509,6.79,-12.82,1269,-5496
23:06:36.574,6.84,-12.81,1269,-5497
23:06:36.639,6.91,-12.75,1274,-5503
23:06:36.707,6.98,-12.6,1273,-5504
23:06:36.768,7.11,-12.5,1272,-5504
23:06:36.831,7.47,-12.24,1271,-5504
23:06:36.898,7.55,-12.16,1271,-5504
23:06:36.963,7.88,-12.05,1271,-5504
23:06:37.026,8.2,-11.95,1271,-5504
23:06:37.090,8.41,-11.86,1271,-5504
23:06:37.159,8.65,-11.77,1268,-5505
23:06:37.220,9.08,-11.61,1267,-5511
23:06:37.283,9.43,-11.49,1256,-5518
23:06:37.348,9.8,-11.38,1252,-5525
23:06:37.415,9.97,-11.32,1249,-5536
23:06:37.479,10.21,-11.21,1237,-5661
23:06:37.545,10.79,-10.98,1237,-5803
23:06:37.610,11.29,-10.76,1222,-5897
23:06:37.674,11.64,-10.69,1221,-5911
23:06:37.742,11.95,-10.59,1220,-5912
23:06:37.806,12.14,-10.48,1220,-5912
23:06:37.872,12.38,-10.38,1218,-5918
23:06:37.938,12.46,-10.33,1217,-5934
23:06:38.003,12.57,-10.23,1221,-5992
23:06:38.069,12.56,-10.1,1251,-6299
23:06:38.134,12.94,-9.91,1250,-6283
23:06:38.200,13.25,-9.76,1253,-6283
23:06:38.262,13.3,-9.68,1250,-6283
23:06:38.326,13.48,-9.62,1250,-6283
23:06:38.397,13.54,-9.6,1252,-6277
23:06:38.459,13.59,-9.57,1249,-6283
23:06:38.520,13.91,-9.49,1249,-6278
23:06:38.584,14.24,-9.45,1245,-6284
23:06:38.650,14.48,-9.43,1245,-6285
23:06:38.716,14.68,-9.38,1246,-6280
23:06:38.777,14.83,-9.32,1250,-6296
23:06:38.846,14.82,-9.33,1249,-6287
23:06:38.908,14.96,-9.29,1243,-6286
23:06:38.973,15.08,-9.25,1221,-6343
23:06:39.035,15.15,-9.18,1220,-6359
23:06:39.100,15.35,-9.09,1218,-6364
23:06:39.166,15.39,-9.03,1221,-6364
23:06:39.233,15.44,-8.98,1217,-6365
23:06:39.294,15.47,-8.93,1266,-6538
23:06:39.358,15.63,-8.85,1277,-7280
23:06:39.424,15.75,-8.78,1279,-7646
23:06:39.491,15.93,-8.69,1277,-7652
23:06:39.550,16.1,-8.69,1277,-7661
23:06:39.617,16.09,-8.84,1280,-7656
23:06:39.683,15.9,-8.93,1281,-7658
23:06:39.747,15.55,-8.87,1281,-7653
23:06:39.810,14.78,-8.92,1281,-7656
23:06:39.875,13.98,-8.93,1281,-7654
23:06:39.939,13.43,-8.98,1292,-7817
23:06:40.005,12.68,-9.22,1288,-7803
23:06:40.068,12.25,-9.47,1289,-7817
23:06:40.132,11.86,-9.61,1267,-7698
23:06:40.200,11.41,-9.72,1267,-7705
23:06:40.265,10.8,-9.95,1282,-7876
23:06:40.332,10.38,-10.21,1281,-7871
23:06:40.394,10.29,-10.52,1282,-7875
23:06:40.461,10.29,-10.81,1282,-7872
23:06:40.527,10.24,-11.34,1274,-7877
23:06:40.586,9.98,-11.68,1289,-8450
23:06:40.653,9.51,-11.85,1293,-8443
23:06:40.720,8.82,-12.15,1295,-8443
23:06:40.785,8.09,-12.57,1296,-8442
23:06:40.846,7.39,-12.92,1247,-8443
23:06:40.913,6.8,-13.08,1251,-8520
23:06:40.979,6.33,-13.18,1249,-8630
23:06:41.042,6.03,-13.21,1237,-8952
23:06:41.104,5.62,-13.31,1242,-8957
23:06:41.170,5.43,-13.31,1243,-8957
23:06:41.236,5.26,-13.25,1243,-8957
23:06:41.301,5.01,-13.14,1244,-9076
23:06:41.361,4.87,-13.02,1253,-9321
23:06:41.429,4.77,-12.81,1240,-9628
23:06:41.494,4.42,-12.64,1232,-9901
23:06:41.559,4,-12.53,1228,-9910
23:06:41.620,3.62,-12.44,1231,-9917
23:06:41.686,3.27,-12.46,1230,-9929
23:06:41.751,3,-12.54,1232,-9931
23:06:41.817,2.85,-12.62,1232,-9947
23:06:41.881,2.77,-12.63,1244,-10057
23:06:41.947,2.58,-12.58,1248,-10213
23:06:42.013,2.43,-12.5,1245,-10225
23:06:42.078,2.38,-12.32,1249,-10227
23:06:42.143,2.33,-12.15,1252,-10286
23:06:42.209,2.13,-11.87,1259,-10307
23:06:42.275,2.09,-11.57,1260,-10397
23:06:42.341,2.34,-11.14,1247,-10950
23:06:42.405,2.62,-10.59,1240,-11061
23:06:42.468,3.16,-9.9,1242,-11341
23:06:42.535,3.71,-9.05,1222,-11554
23:06:42.599,3.98,-8.1,1212,-11978
23:06:42.663,4.3,-7.11,1213,-12468
23:06:42.726,4.79,-6.23,1212,-12468
23:06:42.792,5.3,-5.64,1209,-12455
23:06:42.856,5.98,-5.22,1212,-12460
23:06:42.923,7,-5.01,1207,-12461
23:06:42.984,8.45,-4.8,1207,-12461
23:06:43.050,10.04,-4.64,1207,-12461
23:06:43.115,11.49,-4.49,1209,-12461
23:06:43.179,12.36,-4.32,1207,-12461
23:06:43.246,12.94,-4.13,1207,-12461
23:06:43.310,13.33,-3.98,1207,-12461
23:06:43.377,13.78,-3.86,1209,-12461
23:06:43.442,14.14,-3.73,1209,-12461
23:06:43.508,14.85,-3.63,1211,-12461
23:06:43.573,15.58,-3.5,1211,-12461
23:06:43.640,16.33,-3.42,1210,-12461
23:06:43.706,17.19,-3.33,1208,-12462
23:06:43.769,17.77,-3.37,1210,-12462
23:06:43.836,18.28,-3.34,1212,-12462
23:06:43.901,18.9,-3.36,1216,-12463
23:06:43.967,19.76,-3.39,1217,-12463
23:06:44.031,20.3,-3.44,1217,-12463
23:06:44.101,20.69,-3.54,1215,-12462
23:06:44.168,20.86,-3.58,1214,-12462
23:06:44.234,20.89,-3.57,1214,-12461
23:06:44.298,20.85,-3.57,1214,-12461
23:06:44.364,20.72,-3.55,1214,-12461
23:06:44.428,20.52,-3.59,1214,-12460
23:06:44.495,20.46,-3.65,1217,-12453
23:06:44.561,20.43,-3.79,1212,-12458
23:06:44.626,20.39,-3.92,1209,-12461
23:06:44.692,20.38,-4.03,1206,-12462
23:06:44.758,20.43,-4.08,1209,-12458
23:06:44.822,20.39,-4.14,1207,-12462
23:06:44.888,19.97,-4.22,1204,-12459
23:06:44.954,19.04,-4.38,1213,-12460
23:06:45.020,18.2,-4.44,1207,-12460
23:06:45.083,17.48,-4.45,1181,-12884
23:06:45.152,16.75,-4.48,1171,-12889
23:06:45.215,16.19,-4.51,1185,-12873
23:06:45.282,15.8,-4.56,1187,-12843
23:06:45.345,15.34,-4.66,1187,-12843
23:06:45.413,14.65,-4.83,1189,-12843
23:06:45.480,13.77,-5.05,1197,-12878
23:06:45.544,12.92,-5.24,1196,-12881
23:06:45.609,12.15,-5.35,1196,-12883
23:06:45.675,11.41,-5.35,1200,-12883
23:06:45.742,10.86,-5.29,1200,-12879
23:06:45.805,10.37,-5.26,1198,-12868
23:06:45.867,9.88,-5.26,1198,-12867
23:06:45.933,9.35,-5.37,1203,-12872
23:06:45.998,8.78,-5.45,1206,-12871
23:06:46.064,8.18,-5.52,1206,-12862
23:06:46.125,7.58,-5.64,1206,-12860
23:06:46.191,6.89,-5.8,1206,-12860
23:06:46.256,6.45,-5.96,1205,-12860
23:06:46.322,5.99,-6.13,1206,-12853
23:06:46.383,5.59,-6.29,1206,-12616
23:06:46.447,5.46,-6.29,1177,-12113
23:06:46.513,5.38,-6.17,1174,-12021
23:06:46.580,5.27,-5.99,1190,-11756
23:06:46.642,5.19,-5.8,1243,-11244
23:06:46.706,4.87,-5.66,1250,-11242
23:06:46.773,4.49,-5.5,1244,-11229
23:06:46.833,4.16,-5.26,1193,-9658
23:06:46.898,3.96,-4.95,1190,-8276
23:06:46.960,3.9,-4.66,1184,-7998
23:06:47.027,3.9,-4.38,1210,-6948
23:06:47.087,4.35,-4.07,1210,-6961
23:06:47.154,4.75,-3.9,1190,-6737
23:06:47.215,5.08,-3.81,1120,-6462
23:06:47.281,5.68,-3.74,1120,-6461
23:06:47.340,6.56,-3.62,1123,-6460
23:06:47.407,7.28,-3.57,1148,-6033
23:06:47.471,8.87,-3.39,1178,-5047
23:06:47.534,10.11,-3.46,1194,-4530
23:06:47.600,11.17,-3.61,1191,-4474
23:06:47.665,12.27,-3.73,1184,-4468
23:06:47.727,12.96,-3.76,1183,-4459
23:06:47.792,13.77,-3.77,1182,-4449
23:06:47.856,14.42,-4.15,1187,-4487
23:06:47.924,14.81,-4.31,1182,-5695
23:06:47.985,15.1,-4.51,1221,-6380
23:06:48.051,15.35,-4.62,1221,-6386
23:06:48.115,15.86,-4.75,1220,-6389
23:06:48.180,16.2,-4.9,1219,-6386
23:06:48.242,15.78,-5.18,1234,-6413
23:06:48.309,14.44,-5.64,1235,-6415
23:06:48.374,12.41,-6.37,1223,-7642
23:06:48.439,10.62,-7,1300,-8767
23:06:48.502,9.43,-7.37,1298,-8769
23:06:48.566,8.3,-7.6,1365,-8839
23:06:48.627,7.15,-7.88,1330,-9074
23:06:48.693,5.92,-8.16,1369,-9513
23:06:48.753,4.46,-8.55,1371,-9509
23:06:48.822,3.02,-8.79,1348,-9464
23:06:48.882,1.97,-9.12,1354,-9473
23:06:48.950,1.13,-9.69,1365,-9558
23:06:49.010,0.85,-10,1368,-9953
23:06:49.074,1.24,-10.12,1368,-10297
23:06:49.140,2.36,-10.11,1366,-10304
23:06:49.206,3.26,-10.19,1364,-10304
23:06:49.269,3.79,-10.45,1363,-10304
23:06:49.335,4.48,-10.72,1362,-10305
23:06:49.402,5.75,-10.4,1328,-10650
23:06:49.466,7.83,-9.53,1329,-10839
23:06:49.531,9.48,-8.6,1327,-10835
23:06:49.599,11.5,-7.67,1328,-10830
23:06:49.666,13.13,-6.7,1327,-10832
23:06:49.730,13.87,-6.46,1338,-10830
23:06:49.795,13.72,-6.6,1341,-10895
23:06:49.860,14.06,-6.77,1336,-10889
23:06:49.925,15.05,-6.49,1336,-10886
23:06:49.993,15.98,-5.67,1322,-11213
23:06:50.057,17.16,-4.78,1347,-11264
23:06:50.121,18.59,-4.27,1345,-11308
23:06:50.189,21.63,-4.9,1307,-11238
23:06:50.256,24.18,-6.54,1291,-11177
23:06:50.321,25.38,-8.73,1318,-11175
23:06:50.385,25.04,-9.98,1252,-10458
23:06:50.450,23.81,-10.48,1335,-9907
23:06:50.515,22.37,-10.46,1361,-9096
23:06:50.581,21.25,-10.11,1328,-8910
23:06:50.648,20.39,-9.81,1371,-8798
23:06:50.709,19.18,-9.62,1437,-7492
23:06:50.774,17.95,-9.5,1461,-6527
23:06:50.840,17.17,-9.55,1294,-4983
23:06:50.905,16.71,-9.72,1288,-4241
23:06:50.967,16.49,-9.95,1349,-2742
23:06:51.033,16.78,-10.39,1346,-2690
23:06:51.102,17.21,-10.68,1293,-3700
23:06:51.167,17.35,-11.08,1197,-4766
23:06:51.234,17.13,-11.28,1249,-6753
23:06:51.299,16.14,-11.28,1244,-7586
23:06:51.363,15.09,-11.27,1236,-8952
23:06:51.429,14.22,-11.35,1231,-8951
23:06:51.494,13.43,-11.63,1212,-10337
23:06:51.560,12.38,-11.92,1249,-11168
23:06:51.624,11.32,-12.04,1255,-11787
23:06:51.696,10,-12.14,1253,-11785
23:06:51.761,8.5,-12.33,1253,-11791
23:06:51.827,7.24,-12.54,1246,-11792
23:06:51.892,6.15,-12.83,1241,-11773
23:06:51.958,5.46,-13.2,1250,-11786
23:06:52.023,5.39,-13.18,1250,-11793
23:06:52.088,4.84,-13.1,1251,-11793
23:06:52.154,4.35,-13.13,1251,-11772
23:06:52.219,3.78,-13.49,1239,-11765
23:06:52.286,3.35,-13.97,1215,-11129
23:06:52.351,3.31,-14.23,1214,-11090
23:06:52.412,3.04,-14.46,1215,-9984
23:06:52.478,2.76,-14.51,1204,-9408
23:06:52.543,2.37,-14.68,1234,-7016
23:06:52.609,2.23,-14.86,1282,-4219
23:06:52.671,2.43,-14.96,1372,-1148
23:06:52.735,2.58,-15.18,1420,1817
23:06:52.796,2.77,-15.38,1501,4291
23:06:52.863,2.88,-15.54,1517,5601
23:06:52.923,2.97,-15.57,1514,5909
23:06:52.989,3.21,-15.75,1513,4975
23:06:53.051,3.72,-15.69,1468,2390
23:06:53.116,4.24,-15.5,1436,-830
23:06:53.182,4.63,-15.22,1356,-4305
23:06:53.245,4.88,-14.79,1350,-5484
23:06:53.308,4.9,-14.42,1334,-7030
23:06:53.375,4.75,-13.9,1346,-7326
23:06:53.440,4.25,-13.33,1341,-7410
23:06:53.501,3.58,-12.28,1338,-7551
23:06:53.567,2.85,-10.99,1340,-7548
23:06:53.635,2.18,-9.83,1339,-7557
23:06:53.696,1.79,-8.55,1338,-7557
23:06:53.758,1.54,-7.75,1338,-7557
23:06:53.821,1.31,-6.69,1338,-7557
23:06:53.886,1.24,-5.98,1348,-7320
23:06:53.947,1.26,-5.45,1312,-7102
23:06:54.013,1.69,-5.09,1314,-7099
23:06:54.074,2.14,-4.98,1314,-7093
23:06:54.141,2.1,-5.06,1318,-5083
23:06:54.202,2.09,-5.08,1330,-3502
23:06:54.268,2.22,-4.95,1424,-2088
23:06:54.331,2.52,-4.75,1425,-2092
23:06:54.395,2.59,-4.62,1428,-2091
23:06:54.455,2.69,-4.6,1425,-2085
23:06:54.521,3.46,-4.53,1425,-2094
23:06:54.583,4.45,-4.8,1427,-2093
23:06:54.650,5.37,-5.08,1428,-2093
23:06:54.712,6.6,-5.24,1426,-2093
23:06:54.776,7.8,-5.13,1431,-3042
23:06:54.838,8.91,-4.91,1446,-4083
23:06:54.901,9.7,-4.55,1515,-4322
23:06:54.964,10.68,-4.13,1519,-4325
23:06:55.028,11.93,-3.57,1515,-4326
23:06:55.095,13.4,-3.01,1512,-4326
23:06:55.163,15.87,-2.1,1512,-4328
23:06:55.221,18.29,-1.45,1524,-4363
23:06:55.289,19.57,-1.36,1521,-4369
23:06:55.353,19.73,-1.58,1519,-4363
23:06:55.418,19.77,-1.87,1521,-4065
23:06:55.479,19.76,-2.2,1481,-3310
23:06:55.547,19.37,-2.27,1506,-2861
23:06:55.611,18.81,-2.17,1506,-2860
23:06:55.676,17.84,-2.06,1483,-2680
23:06:55.739,16.74,-2.06,1525,-633
23:06:55.802,16.12,-2.22,1531,-633
23:06:55.865,15.96,-2.53,1538,-638
23:06:55.929,16.01,-2.92,1538,-630
23:06:55.992,15.49,-3.34,1545,-633
23:06:56.057,15.62,-3.65,1545,-633
23:06:56.120,15.9,-4.02,1552,-630
23:06:56.184,16.2,-4.21,1543,-692
23:06:56.246,15.78,-4.54,1544,-945
23:06:56.310,14.93,-5.13,1485,-1497
23:06:56.377,14.57,-5.68,1479,-1517
23:06:56.439,14.21,-6.18,1482,-1512
23:06:56.503,13.14,-6.83,1482,-1517
23:06:56.571,11.57,-7.51,1485,-1513
23:06:56.635,10.11,-8.24,1483,-1504
23:06:56.697,8.63,-8.79,1486,-1499
23:06:56.763,6.51,-9.5,1487,-1613
23:06:56.823,4.84,-10.06,1451,-1611
23:06:56.889,3.22,-10.4,1458,-1751
23:06:56.955,1.87,-10.6,1464,-1831
23:06:57.020,0.7,-10.81,1472,-1885
23:06:57.085,-0.15,-11.08,1476,-1916
23:06:57.151,-0.35,-11.26,1482,-1929
23:06:57.211,0.35,-11.21,1476,-1933
23:06:57.279,1.86,-11.08,1468,-1962
23:06:57.342,3.76,-10.79,1444,-2101
23:06:57.407,6.83,-10.42,1423,-2136
23:06:57.470,8.89,-10.27,1413,-2184
23:06:57.535,11.62,-10.18,1381,-2317
23:06:57.602,13.55,-10.23,1378,-2362
23:06:57.666,13.53,-10.66,1373,-2386
23:06:57.733,12.13,-11.39,1416,-2267
23:06:57.797,10.03,-12.36,1455,-2059
23:06:57.863,7.82,-13.56,1514,-1402
23:06:57.925,6.74,-14.53,1596,33
23:06:57.992,6.6,-14.79,1638,1767
23:06:58.054,6.72,-14.84,1664,3601
23:06:58.117,6.37,-14.82,1715,5414
23:06:58.177,6.03,-14.26,1756,7010
23:06:58.247,5.67,-13.55,1744,7010
23:06:58.308,5.31,-12.9,1744,7010
23:06:58.371,5.27,-12.7,1743,7010
23:06:58.434,5.33,-13.9,1743,7010
23:06:58.498,5.27,-15.82,1737,7012
23:06:58.560,4.55,-16.34,1736,7013
23:06:58.626,3.88,-17.1,1736,7012
23:06:58.687,3.86,-17.52,1736,7012
23:06:58.752,3.92,-17.64,1736,7012
23:06:58.813,3.6,-17.81,1736,7012
23:06:58.878,3.59,-18.39,1736,7012
23:06:58.940,3.95,-18.79,1736,7012
23:06:59.008,4.55,-18.54,1736,7011
23:06:59.069,5.04,-18.76,1746,7007
23:06:59.133,5.18,-19.19,1764,7007
23:06:59.195,4.85,-19.1,1724,7062
23:06:59.260,4.97,-18.85,1724,7062
23:06:59.321,5.12,-18.8,1724,7062
23:06:59.386,5.41,-18.89,1724,7055
23:06:59.449,5.57,-18.73,1724,7054
23:06:59.510,5.53,-18.77,1724,7054
23:06:59.575,5.57,-18.71,1724,7054
23:06:59.637,5.58,-18.71,1724,7054
23:06:59.705,5.6,-18.72,1724,7054
23:06:59.766,5.63,-18.67,1724,7054
23:06:59.830,5.65,-18.69,1724,7054
23:06:59.890,5.68,-18.65,1724,7054
23:06:59.955,5.68,-18.67,1724,7054
23:07:00.018,5.71,-18.64,1724,7054
23:07:00.084,5.74,-18.63,1724,7054
23:07:00.145,5.77,-18.64,1724,7054
23:07:00.214,5.77,-18.62,1724,7054
23:07:00.272,5.78,-18.63,1724,7054
23:07:00.338,5.8,-18.61,1724,7054
23:07:00.400,5.8,-18.62,1724,7054
23:07:00.464,5.81,-18.6,1724,7054
23:07:00.526,5.83,-18.6,1724,7054
23:07:00.591,5.83,-18.62,1724,7054
23:07:00.654,5.84,-18.61,1724,7054
23:07:00.718,5.84,-18.62,1724,7054
23:07:00.783,5.84,-18.64,1724,7054
23:07:01.583,5.85,-18.66,1724,7054
