ypr,0.01,-0.03,0.42
ypr,0,-0.03,0.41
ypr,0.01,-0.03,0.41
ypr,0.01,-0.02,0.41
ypr,0.01,-0.02,0.41
ypr,0.01,-0.02,0.41
ypr,0.01,-0.03,0.4
ypr,0.01,-0.03,0.39
ypr,0.01,-0.03,0.38
ypr,0.01,-0.03,0.38
ypr,0.01,-0.03,0.38
ypr,0.02,-0.03,0.38
ypr,0.02,-0.03,0.37
ypr,0.02,-0.03,0.36
ypr,0.02,-0.03,0.37
ypr,0.28,0.31,0.82
ypr,1.45,1.03,1.76
ypr,2.05,1.38,2.3
ypr,2.7,1.64,2.73
ypr,3.79,1.92,3.31
ypr,4.78,0.89,4.55
ypr,5.67,0.47,4.47
ypr,6.86,2.77,0.76
ypr,6.32,2.4,-0.29
ypr,6.91,2.64,2.29
ypr,6.58,4.28,4.15
ypr,7.4,3.88,3.03
ypr,7.77,3.98,1.17
ypr,7.85,3.67,0.62
ypr,7.47,2.79,0.29
ypr,6.36,1.97,-0.38
ypr,6.66,0.09,-2.55
ypr,8.46,-0.36,-4.15
ypr,9.87,-0.69,-5.48
ypr,11.52,-1.19,-4.59
ypr,15.54,3.4,-3.48
ypr,15.42,3.05,-3.19
ypr,12.75,3.09,-3.41
ypr,8.61,2.2,-6.08
ypr,7.07,0.78,-9.22
ypr,3.55,-1.39,-11.12
ypr,-0.73,-4.63,-12.96
ypr,-6.98,-10.2,-15.04
ypr,-11.59,-15.03,-15.66
ypr,-13.3,-17.61,-16.5
ypr,-17.05,-22.12,-17.24
ypr,-18.89,-25.15,-18.78
ypr,-19.78,-26.76,-19.55
ypr,-20.89,-28.53,-20.21
ypr,-21.51,-30.09,-21.19
ypr,-21.63,-30.77,-22.41
ypr,-21.15,-30.86,-24.22
ypr,-18.68,-29.58,-25.72
ypr,-16.14,-26.72,-26.73
ypr,-14.37,-24.83,-27.2
ypr,-11.94,-21.64,-28.01
ypr,-9.09,-17.18,-27.79
ypr,-6.79,-13.43,-26.98
ypr,-6.63,-11.18,-25.4
ypr,-6.79,-9.95,-24.81
ypr,-7.24,-8.21,-23.94
ypr,-8.2,-7.38,-23.13
ypr,-8.85,-6.16,-21.92
ypr,-8.82,-5.35,-21.17
ypr,-9.04,-4.13,-19.36
ypr,-9.55,-3.33,-17.91
ypr,-10.56,-2.59,-16.18
ypr,-11.92,-2.59,-14.93
ypr,-12.89,-2.98,-14.23
ypr,-14.8,-3.7,-12.96
ypr,-16.04,-4.13,-12.13
ypr,-17.43,-4.52,-10.82
ypr,-18.62,-4.69,-9.49
ypr,-19.45,-4.69,-8.83
ypr,-19.87,-5,-8.54
ypr,-19.75,-5.17,-8.72
ypr,-19.3,-5.36,-9.04
ypr,-18.59,-5.43,-9.56
ypr,-17.21,-5.18,-10.77
ypr,-16.05,-4.88,-11.83
ypr,-14.29,-4.38,-13.8
ypr,-13.12,-3.94,-15.15
ypr,-11.18,-3.22,-17.27
ypr,-9.34,-2.57,-19.35
ypr,-8.69,-2.18,-20.5
ypr,-7.99,-1.68,-21.55
ypr,-6.29,-0.64,-23.1
ypr,-5.36,0.03,-23.92
ypr,-4.99,0.84,-24.42
ypr,-4.96,1.5,-24.69
ypr,-5.41,2.31,-24.63
ypr,-5.86,2.8,-24.38
ypr,-6.29,3.23,-24.17
ypr,-6.93,3.79,-23.7
ypr,-7.73,4.02,-23.01
ypr,-9.95,4.07,-21.52
ypr,-12.26,4.14,-20.48
ypr,-16.06,4.21,-18.98
ypr,-18.25,3.94,-18.05
ypr,-20.43,3.49,-17.33
ypr,-23.47,2.83,-16.19
ypr,-24.94,2.55,-15.41
ypr,-26.73,2.2,-14.18
ypr,-27.91,1.9,-13.22
ypr,-29.1,1.3,-12.47
ypr,-29.08,0.81,-12.13
ypr,-28.75,0,-11.69
ypr,-27.72,-0.78,-11.92
ypr,-26.59,-0.89,-12.13
ypr,-24.18,-0.89,-12.93
ypr,-21.75,-0.71,-14.42
ypr,-18.12,-0.24,-16.85
ypr,-14.66,0.37,-19
ypr,-12.19,0.93,-20.48
ypr,-8.32,2.13,-22.75
ypr,-6,3.18,-23.84
ypr,-3.58,3.98,-24.67
ypr,-0.95,5.4,-25.65
ypr,0.51,6.22,-25.99
ypr,1.2,6.88,-25.96
ypr,1.1,7.53,-25.75
ypr,0.82,7.87,-25.82
ypr,0.56,8.21,-25.93
ypr,-0.45,8.65,-26.1
ypr,-1.52,8.96,-26.05
ypr,-2.5,9.1,-25.94
ypr,-4.05,9.16,-25.58
ypr,-5.71,8.99,-25.1
ypr,-8.93,8.57,-24.21
ypr,-11.43,8.18,-23.46
ypr,-13.59,7.86,-22.54
ypr,-16.74,7.44,-21.01
ypr,-18.93,7.08,-20.03
ypr,-22.31,6.38,-18.89
ypr,-24.17,5.85,-18.2
ypr,-26.25,5.09,-16.07
ypr,-26.87,4.59,-14.52
ypr,-27.28,3.75,-14.01
ypr,-27.03,3.19,-13.49
ypr,-26.02,2.62,-13.15
ypr,-24.48,2.14,-13.24
ypr,-22.08,1.45,-14.26
ypr,-19.58,1.17,-15.41
ypr,-15.32,1.3,-17.59
ypr,-12.84,1.5,-18.92
ypr,-8.61,2.08,-21.45
ypr,-4.02,4.06,-22.66
ypr,1.43,8.32,-22.52
ypr,2.66,8.81,-22.6
ypr,3.11,9.24,-22.79
ypr,3.39,9.73,-23.11
ypr,3.86,10.62,-23.91
ypr,4.3,11.37,-24.55
ypr,4.65,12.23,-25.14
ypr,4.96,12.74,-25.19
ypr,4.97,13.09,-25.08
ypr,4.22,13.54,-25.17
ypr,3.05,13.21,-24.88
ypr,0.12,11.83,-23.4
ypr,-1.88,10.65,-20.88
ypr,-4.19,9.8,-19.76
ypr,-8.05,8.67,-19.12
ypr,-10.7,7.94,-18.09
ypr,-14.8,6.86,-15.7
ypr,-17.07,6.21,-14.1
ypr,-20.72,5.11,-11.87
ypr,-22.83,4.43,-10.57
ypr,-25.14,3.37,-8.93
ypr,-26.43,2.85,-7.92
ypr,-27.29,2.41,-7.34
ypr,-27.67,0.99,-7
ypr,-26.72,-0.27,-6.38
ypr,-27.27,-3.18,-7.88
ypr,-26.01,-4.65,-9.55
ypr,-24.07,-6.52,-12.56
ypr,-21.97,-7.08,-14.86
ypr,-18.54,-6.78,-16.98
ypr,-14.24,-6.16,-19.53
ypr,-10.54,-5.2,-22.68
ypr,-3.09,0.06,-27.24
ypr,-1.14,2.01,-27.96
ypr,2.24,4.14,-28.53
ypr,3,5.55,-28.54
ypr,3.49,6.56,-28.5
ypr,3.85,7.28,-28.42
ypr,3.52,8.17,-28.4
ypr,2.76,8.47,-28.31
ypr,2.08,8.65,-28.34
ypr,0.6,8.6,-28.6
ypr,-0.93,8.14,-28.5
ypr,-2.83,7.45,-28.24
ypr,-6.29,6.08,-27.63
ypr,-9.09,5.02,-26.79
ypr,-11.95,4.02,-25.49
ypr,-16.31,2.75,-23.25
ypr,-19.11,1.93,-21.79
ypr,-23.37,0.82,-19.68
ypr,-25.41,0.49,-18.25
ypr,-30.05,-1.74,-15.16
ypr,-30.78,-2.33,-12.74
ypr,-31.16,-2.62,-11.7
ypr,-31.05,-3.19,-10.62
ypr,-30.33,-3.74,-10.42
ypr,-27.68,-5,-10.97
ypr,-24.99,-5.73,-12.67
ypr,-19.26,-5.91,-17.04
ypr,-12.57,-3.27,-22.75
ypr,-9.4,-2.03,-24.63
ypr,-5.15,-0.46,-26.89
ypr,-3.13,0.61,-28.47
ypr,-2.39,1.51,-29.51
ypr,-2.41,1.87,-29.89
ypr,-2.4,2.17,-29.91
ypr,-3.74,2.19,-29.54
ypr,-4.52,2.6,-29.55
ypr,-5,3.66,-29.89
ypr,-5.32,4.14,-30.01
ypr,-6.34,4.26,-30.03
ypr,-10.26,3.57,-29.64
ypr,-12.97,3.01,-28.87
ypr,-16.99,2.23,-27.86
ypr,-18.88,1.89,-27.55
ypr,-21.44,1.71,-26.18
ypr,-24.28,1.4,-24.5
ypr,-28.78,0.83,-21.86
ypr,-31.99,-0.06,-19.96
ypr,-35.36,-1.42,-17.24
ypr,-36.4,-2.38,-16
ypr,-35.94,-4.3,-14.71
ypr,-35.18,-6.32,-13.92
ypr,-34.49,-7.65,-14
ypr,-32.18,-8.77,-14.54
ypr,-29.98,-9.19,-15.33
ypr,-26.28,-9.59,-17.57
ypr,-21.24,-8.84,-20.92
ypr,-18.75,-7.91,-22.58
ypr,-14.6,-6.16,-25.4
ypr,-11.34,-4.22,-27.31
ypr,-9.37,-2.22,-28.5
ypr,-9.12,-0.85,-28.59
ypr,-9.01,0.02,-28.62
ypr,-9.32,0.54,-28.33
ypr,-9.69,1.35,-27.94
ypr,-10.84,1.57,-27.69
ypr,-12.67,1.97,-27.86
ypr,-13.3,2.18,-28.1
ypr,-14.61,2.04,-28.01
ypr,-15.46,2.03,-27.77
ypr,-17.42,2.07,-26.75
ypr,-19.34,2.02,-25.64
ypr,-22.97,1.74,-23.59
ypr,-25.34,1.59,-22.11
ypr,-28.06,1.55,-20.26
ypr,-29.83,1.49,-19.55
ypr,-31.85,1.3,-19.29
ypr,-32.37,0.93,-19.81
ypr,-32.19,0.47,-20.93
ypr,-31.27,0.34,-21.98
ypr,-29.22,0.55,-24.53
ypr,-26.82,0.84,-26.41
ypr,-23.15,0.96,-28.94
ypr,-21.27,0.94,-30.36
ypr,-18.88,0.66,-31.9
ypr,-17.69,0.32,-32.52
ypr,-16.27,-0.66,-32.97
ypr,-14.99,-1.29,-33.34
ypr,-10.96,-0.73,-33.65
ypr,-8.14,-0.47,-33.5
ypr,-6.46,-1.21,-33.16
ypr,-5.37,-1.65,-32.79
ypr,-4.07,-1.88,-31.65
ypr,-3.36,-2.1,-30.36
ypr,-2.3,-2.2,-27.52
ypr,-2.88,-2.44,-24.89
ypr,-4.54,-2.71,-20.85
ypr,-6.52,-2.79,-18.88
ypr,-10.66,-2.8,-17.07
ypr,-12.98,-2.78,-16.34
ypr,-15.66,-2.37,-15.46
ypr,-18.8,-1.52,-14.8
ypr,-21.48,-1.26,-14.15
ypr,-26.73,-2.76,-13.98
ypr,-26.18,-3.18,-13.75
ypr,-28.39,-2.94,-14.03
ypr,-27.61,-1.22,-15.12
ypr,-26.54,-1.07,-14.2
ypr,-25.23,-0.32,-17.6
ypr,-23.65,-0.24,-19.58
ypr,-20.5,0.5,-22.94
ypr,-17.86,1.34,-25.41
ypr,-16.61,1.79,-27.15
ypr,-14.54,3.92,-30.64
ypr,-13.04,4.99,-31.95
ypr,-10.23,6.08,-32.52
ypr,-8.92,5.91,-32.56
ypr,-7.7,5.34,-32.57
ypr,-5.7,4.45,-32.24
ypr,-4.16,4.2,-31.88
ypr,-0.21,4.72,-31.65
ypr,4.86,7,-31.24
ypr,9.36,9.31,-30.56
ypr,13.69,10.7,-29.39
ypr,15.77,11.41,-28.48
ypr,16.17,10.99,-26.73
ypr,15.74,9.83,-25.17
ypr,14.42,8.63,-23.63
ypr,10.5,6.4,-21.31
ypr,6.77,5.1,-19.9
ypr,1.47,4.22,-18.21
ypr,-1.9,4.07,-17.31
ypr,-5.7,4.27,-16.64
ypr,-10.81,4.58,-16.73
ypr,-13.69,4.19,-17.2
ypr,-16.96,4.2,-18.31
ypr,-18.48,4.36,-19.15
ypr,-18.67,4.78,-20.35
ypr,-18.8,4.92,-21.33
ypr,-17.79,5.45,-24.38
ypr,-16.4,6.19,-26.7
ypr,-14.49,7.38,-29.48
ypr,-13.36,7.88,-30.6
ypr,-10.94,8.72,-32.37
ypr,-9.4,9.19,-33.14
ypr,-8.04,9.22,-33.39
ypr,-5.69,9.04,-33.27
ypr,-3.9,8.9,-32.92
ypr,-0.62,8.8,-31.83
ypr,1.99,8.9,-31.21
ypr,4.83,9.08,-30.78
ypr,8.86,9.39,-30.42
ypr,10.6,9.47,-30.8
ypr,11.69,9.56,-31.42
ypr,12.59,8.7,-30.64
ypr,12.38,7.81,-30.2
ypr,11.54,6.65,-29.52
ypr,9.85,4.76,-27.5
ypr,8.07,3.71,-25.69
ypr,5.64,2.51,-23.39
ypr,1.32,1.31,-20.56
ypr,-2.06,0.83,-19.06
ypr,-5.8,0.72,-17.99
ypr,-10.69,0.99,-17.4
ypr,-13.1,1.2,-17.57
ypr,-15.53,1.57,-18.46
ypr,-16.61,2.09,-19.45
ypr,-17.06,3.21,-20.7
ypr,-17.6,3.8,-21.42
ypr,-18.77,4.41,-22.99
ypr,-17.81,5.04,-24.17
ypr,-16.86,6.11,-26.14
ypr,-15.64,6.57,-27.81
ypr,-13.91,6.8,-30.36
ypr,-12.85,6.79,-31.87
ypr,-10.79,6.78,-33.83
ypr,-8.84,7.1,-35.1
ypr,-5.39,8.17,-36.11
ypr,-3.03,8.64,-35.94
ypr,-0.6,8.78,-35.92
ypr,3.17,9.05,-35.25
ypr,6.29,9.26,-34.05
ypr,8.34,8.75,-32.7
ypr,10.11,7.47,-32.07
ypr,10.94,6.77,-32.51
ypr,11.06,5.8,-32.84
ypr,11.21,4.15,-32.28
ypr,11.22,3.44,-32.08
ypr,9.38,1.56,-30.37
ypr,7.62,0.13,-28.24
ypr,5.19,-1.08,-26.57
ypr,0.44,-2.63,-23.48
ypr,-2.57,-2.75,-21.72
ypr,-5.71,-2.71,-20.6
ypr,-10.89,-2.77,-19.77
ypr,-13.36,-2.04,-20.69
ypr,-13.59,-1.41,-21.19
ypr,-14.75,-0.41,-21.67
ypr,-15.18,0.13,-22.21
ypr,-15,1.06,-23.5
ypr,-14.14,1.68,-24.7
ypr,-13.09,2.1,-26
ypr,-12.94,2.27,-26.74
ypr,-12.03,2.87,-28.2
ypr,-11.49,3.35,-29.61
ypr,-9.63,4.14,-31.25
ypr,-7.9,4.73,-31.97
ypr,-4.56,5.58,-32.73
ypr,-1.67,6.3,-32.98
ypr,1.98,7.22,-32.91
ypr,6.87,8.5,-32.56
ypr,10.27,9.25,-32.11
ypr,13.46,9.94,-31.75
ypr,15.46,9.62,-31.53
ypr,15.86,8.8,-31.32
ypr,14.91,6.89,-30.63
ypr,13.6,5.23,-29.88
ypr,12.07,3.67,-28.89
ypr,8.63,1.52,-27.09
ypr,6.4,0.48,-26.19
ypr,4,-0.34,-25.09
ypr,-2.68,-2.44,-21.61
ypr,-7.5,-3.59,-19.71
ypr,-12.17,-4.55,-19.59
ypr,-13.71,-5.05,-20.01
ypr,-14.79,-5.33,-20.18
ypr,-14.88,-5.4,-20.35
ypr,-13.39,-5.22,-21.61
ypr,-10.48,-4.5,-23.81
ypr,-7.46,-3.23,-25.65
ypr,-2.32,-0.47,-27.87
ypr,0.64,1.2,-28.59
ypr,3.38,2.71,-28.32
ypr,4.42,3.09,-27.79
ypr,4.98,3.04,-27.38
ypr,4.75,2.69,-27.02
ypr,4.34,2.09,-26.58
ypr,4.1,1.75,-26.54
ypr,3.81,1.28,-26.66
ypr,2.59,0.25,-26.82
ypr,1.36,-0.48,-26.53
ypr,0.43,-0.9,-26.28
ypr,-1.32,-1.37,-25.83
ypr,-2.16,-1.3,-25.64
ypr,-0.23,1.96,-26.46
ypr,0.75,4.12,-26.63
ypr,1.58,5.9,-26.27
ypr,0.88,8.08,-24.94
ypr,0.44,10.13,-24.85
ypr,0.29,12.37,-24.72
ypr,-0.74,14.96,-23.21
ypr,-2.14,16.79,-22.22
ypr,-3.54,20.77,-21.28
ypr,-4.31,23.82,-20.57
ypr,-5.6,27.01,-18.98
ypr,-7.36,29.03,-19.49
ypr,-6.06,34.48,-19.24
ypr,-6.57,37.31,-18.56
ypr,-8.15,40.04,-18.07
ypr,-8.63,41.39,-18.09
ypr,-9.25,42.68,-18.63
ypr,-9.37,42.63,-19.37
ypr,-10.53,40.35,-20.99
ypr,-10.74,37.52,-21.01
ypr,-11.63,33.59,-22.12
ypr,-12.46,30.64,-23.02
ypr,-12.78,25.85,-23.81
ypr,-12.76,20.28,-24.12
ypr,-12.74,16.62,-25.4
ypr,-11.89,12.63,-26.99
ypr,-11.47,9.99,-27.86
ypr,-10.07,5.81,-29.55
ypr,-9.01,2.77,-30.3
ypr,-8.49,-2.05,-32.08
ypr,-8.56,-5.16,-33.29
ypr,-8.46,-10.22,-35.34
ypr,-7.87,-13.19,-37.95
ypr,-8.54,-17.48,-42.14
ypr,-9.44,-21.44,-46.12
ypr,-10.08,-23.62,-49.29
ypr,-10.35,-25.14,-55.69
ypr,-13.83,-28.16,-60.24
ypr,-15.63,-29.63,-63.53
ypr,-17.78,-29.33,-71.32
ypr,-21.26,-30.66,-74.9
ypr,-22.35,-31.18,-76.02
ypr,-21.23,-29.92,-76.55
ypr,-18.63,-28.64,-73.76
ypr,-16.17,-27.24,-70.69
ypr,-12.66,-24.83,-66.09
ypr,-7.96,-20.77,-62.57
ypr,-4.48,-17.37,-59.83
ypr,-2.73,-14.18,-53.88
ypr,-1.73,-10.79,-49.79
ypr,1.44,-6.41,-47.95
ypr,3.16,-1.57,-41.91
ypr,-0.34,-0.46,-36.28
ypr,-6.38,2.63,-31.07
ypr,-6.09,6.63,-30.47
ypr,-5.9,8.85,-29.37
ypr,-9.24,11.07,-27.61
ypr,-11.22,13.4,-25.85
ypr,-10.58,18.62,-24.04
ypr,-7.96,22.29,-23.37
ypr,-7.1,25.5,-23.33
ypr,-8.08,27.66,-23.44
ypr,-10.67,31.07,-22.95
ypr,-12.83,33.94,-22.9
ypr,-14.81,35.93,-24.8
ypr,-19.23,42.32,-27.31
ypr,-23.32,45.94,-26.64
ypr,-27.4,49.15,-24.74
ypr,-27.37,51.15,-24.64
ypr,-28.38,51.42,-25.86
ypr,-29.75,50.48,-27.75
ypr,-29.66,48.72,-27.4
ypr,-27.39,45.87,-25.93
ypr,-25.03,42.24,-26.1
ypr,-24.51,38.75,-26.2
ypr,-22.85,30.76,-25.87
ypr,-19.34,25.52,-26.7
ypr,-12.32,18.15,-29.81
ypr,-7.89,11.67,-33.93
ypr,-7.09,6.75,-36.31
ypr,-7.47,1.53,-37.95
ypr,-7.48,-4.7,-41.48
ypr,-7.89,-8.47,-44.22
ypr,-6.86,-12.26,-48.19
ypr,-8,-15.4,-50.34
ypr,-9.68,-19.05,-55.67
ypr,-11.39,-23.3,-59.4
ypr,-13.03,-25.27,-61.87
ypr,-16.07,-27.27,-68.33
ypr,-19.84,-29.78,-73.51
ypr,-24.15,-34.32,-73.36
ypr,-27.05,-36.79,-75.54
ypr,-26.94,-35.76,-78.35
ypr,-24.85,-33.34,-79.29
ypr,-22.43,-31.56,-78.38
ypr,-19.79,-31.73,-72.46
ypr,-16.38,-29.1,-68.53
ypr,-12.23,-24.91,-66.71
ypr,-5.63,-18.23,-61.7
ypr,-1.73,-13.92,-55.04
ypr,3.5,-8.44,-51.03
ypr,12.71,1.45,-44.96
ypr,13.87,4.05,-39.48
ypr,10.59,5.28,-34.94
ypr,6.88,8.28,-32.99
ypr,5.53,11.11,-32.62
ypr,5.11,14.37,-31.7
ypr,3.8,18.57,-28.84
ypr,2.95,22.02,-27.76
ypr,4.91,28.55,-26.38
ypr,5.53,32.12,-24.62
ypr,4.21,34.37,-23.55
ypr,2.91,38,-22
ypr,2.84,41.63,-20.52
ypr,1.46,46.14,-16.21
ypr,-1.07,48.56,-14.52
ypr,-4.51,51.61,-13.06
ypr,-6.19,53.92,-11.64
ypr,-7.89,56.06,-10.21
ypr,-11.04,58.51,-8.98
ypr,-13.45,59.78,-8.59
ypr,-15.51,59.87,-11.15
ypr,-14.24,57.71,-13.96
ypr,-12.61,55.01,-14.4
ypr,-12.41,48.9,-15.28
ypr,-12.32,43.86,-16.94
ypr,-9.7,35.51,-18.39
ypr,-7.21,30.53,-18.96
ypr,-5.55,23.72,-22.61
ypr,-4.49,19.49,-25.2
ypr,-3.51,13.37,-28.63
ypr,-2.62,9.63,-31.19
ypr,-1.4,4.56,-35.1
ypr,-2.19,0.48,-36.91
ypr,-4.58,-7.21,-39.36
ypr,-4.37,-10.8,-42.51
ypr,-5.51,-15.88,-48.1
ypr,-6.31,-18.94,-51.79
ypr,-7.07,-23.32,-56.59
ypr,-6.4,-22.79,-65.4
ypr,-11.84,-25.52,-69.99
ypr,-18.72,-27.64,-78.58
ypr,-25.74,-29.5,-85.61
ypr,-30.38,-31.48,-88.74
ypr,-36.2,-145.86,-92.22
ypr,-39.73,-145.64,-95.46
ypr,-41.21,-145.86,-97.16
ypr,-40.55,-145.77,-96.4
ypr,-37.12,-146.66,-93.8
ypr,-31.64,-149.31,-90.99
ypr,-25.53,-28.04,-87.09
ypr,-20.94,-26.1,-83.51
ypr,-11.97,-21.6,-76.32
ypr,-3.81,-17.45,-66.17
ypr,2.1,-13.27,-56.69
ypr,6.95,-9.06,-51.71
ypr,9.89,-5.46,-46.35
ypr,8.18,-2.67,-37.59
ypr,7.28,-0.01,-33.65
ypr,10.26,5.79,-29.83
ypr,11.74,9.38,-26.58
ypr,10.37,12.41,-22.62
ypr,5.71,16.91,-16.73
ypr,5.18,19.98,-14.33
ypr,5.38,24.2,-14.66
ypr,4.78,25.04,-15.44
ypr,4.73,24.9,-15.87
ypr,4.91,24.36,-18.28
ypr,5.44,23.58,-20.52
ypr,7.08,22.29,-23.78
ypr,8.44,21.9,-25.55
ypr,8.13,20.9,-26.6
ypr,5.6,18.21,-27.76
ypr,3.71,16.11,-28.35
ypr,1.28,11.92,-28.73
ypr,1.53,10,-28.98
ypr,0.92,8.11,-28.87
ypr,-0.16,4.36,-28.1
ypr,-1.01,1.87,-27.76
ypr,-1.23,0.05,-27.83
ypr,-1.15,-1.1,-26.94
ypr,-2.32,-1.84,-24.69
ypr,-4.9,-2.39,-20.65
ypr,-7.2,-2.31,-18.52
ypr,-13.42,-1.31,-16
ypr,-16.48,-0.49,-15.84
ypr,-18.67,1.19,-16.19
ypr,-19.99,2.83,-16.95
ypr,-20.11,5.44,-19.44
ypr,-18.75,8.44,-22.49
ypr,-16.6,11.57,-24.61
ypr,-14.15,13.2,-26.31
ypr,-12.37,13.79,-27.76
ypr,-9.8,14.59,-30.22
ypr,-8.21,14.52,-31.1
ypr,-5.9,13.53,-31.33
ypr,-3.31,12.69,-31.13
ypr,1.33,11.56,-30.59
ypr,3.46,10.6,-30.67
ypr,7.21,8.52,-30.76
ypr,10.83,8,-30.28
ypr,13.2,7.5,-29.04
ypr,13.69,5.44,-27.91
ypr,12.97,3.72,-27.21
ypr,11.82,2.15,-26.4
ypr,9.75,0.26,-24.24
ypr,8.65,-0.2,-22.69
ypr,7.46,-0.2,-20.97
ypr,3.62,0.27,-18.26
ypr,0.43,0.86,-16.88
ypr,-2.77,1.89,-16.23
ypr,-6.31,4.1,-17.13
ypr,-8.8,5.13,-17.83
ypr,-11.06,6.11,-19.26
ypr,-10.48,6.77,-20.67
ypr,-11.51,8.45,-22.82
ypr,-11.07,9.07,-23.99
ypr,-9.09,10.17,-26.19
ypr,-7.53,10.67,-27.46
ypr,-5.86,10.69,-28.56
ypr,-4.5,10.35,-29.14
ypr,-0.13,10.31,-30.34
ypr,3.44,10.39,-30.97
ypr,5.99,10.38,-31.46
ypr,9.66,10.47,-32.6
ypr,12.62,10.87,-32.91
ypr,17.12,11.24,-32.42
ypr,19.54,11.12,-31.99
ypr,22.04,10.63,-32.11
ypr,22.46,9.74,-31.85
ypr,22.06,7.32,-30.98
ypr,20.93,5.17,-30.38
ypr,19.49,3.22,-29.7
ypr,17.09,0.95,-28.53
ypr,15,-0.41,-27.41
ypr,10.6,-2.3,-24.9
ypr,6.22,-3.4,-23.09
ypr,1.24,-3.89,-21.59
ypr,-1.58,-3.81,-20.77
ypr,-4.32,-3.3,-20.32
ypr,-6.71,-1.94,-21.01
ypr,-7.8,-1.02,-22.27
ypr,-8.46,0.3,-24.56
ypr,-8.57,1.18,-26.01
ypr,-7.63,2.15,-27.71
ypr,-6.4,3.35,-28.98
ypr,-4.84,4.51,-29.87
ypr,-2.04,5.82,-31.01
ypr,-0.02,6.6,-32.1
ypr,3.29,7.61,-33.72
ypr,5.47,7.91,-34.44
ypr,7.57,8.4,-35.07
ypr,10.54,8.62,-35.76
ypr,12.25,8.14,-35.64
ypr,14.04,7.47,-34.71
ypr,14.77,5.63,-32.99
ypr,15.37,4.38,-31.92
ypr,15.5,3.06,-31.16
ypr,14.27,1.11,-29.82
ypr,13.25,-0.05,-28.51
ypr,11.02,-1.44,-26.29
ypr,8.94,-2.09,-25.1
ypr,4.01,-3.01,-23.27
ypr,0.85,-3.36,-22.09
ypr,-1.64,-3.47,-21.6
ypr,-6.36,-3.4,-21.41
ypr,-8.72,-3.11,-21.93
ypr,-10.45,-2.25,-23.31
ypr,-10.51,-1.84,-24.9
ypr,-11.63,-1.94,-26.01
ypr,-13.77,-2.48,-27.98
ypr,-13.82,-2.49,-29.39
ypr,-13.04,-2.37,-30.51
ypr,-12.33,-2.54,-29.74
ypr,-13.4,-3.23,-28.4
ypr,-16.23,-4.69,-25.75
ypr,-18.16,-5.78,-24.03
ypr,-20.42,-7.32,-21.71
ypr,-21.32,-8.5,-19.7
ypr,-21.3,-9.13,-18.94
ypr,-21.5,-10.3,-18.15
ypr,-21.22,-11.13,-18.32
ypr,-19.29,-11.57,-19.67
ypr,-14.13,-10.68,-23.54
ypr,-4.84,-6.75,-29.44
ypr,0.59,-3.71,-32.13
ypr,4.35,-1.08,-33.8
ypr,10.95,3.78,-35.95
ypr,14.87,6.96,-36.12
ypr,17.93,10.01,-35.21
ypr,19.4,11.84,-34.9
ypr,19.37,13.87,-34.05
ypr,18.93,14.74,-33.11
ypr,18.28,15.3,-32.1
ypr,16.91,14.83,-31.87
ypr,11.98,12.63,-31.4
ypr,8.1,10.76,-30.83
ypr,4.26,8.7,-30.18
ypr,-0.86,5.86,-28.8
ypr,-4.33,4.39,-27.28
ypr,-10.79,2.4,-23.23
ypr,-16.51,1.19,-20.04
ypr,-23.21,-0.56,-16.06
ypr,-25.42,-1.32,-13.73
ypr,-27.43,-2.35,-11.8
ypr,-27.58,-3.52,-11.39
ypr,-24.78,-5.12,-12.03
ypr,-19.29,-5.96,-14.26
ypr,-14.03,-5.79,-17.64
ypr,-3.63,-2.72,-25
ypr,1.7,-0.32,-28.51
ypr,8.63,3.16,-31
ypr,12.86,5.77,-32.53
ypr,16.35,8.23,-34.03
ypr,19.64,10.69,-34.65
ypr,20.71,11.43,-34.11
ypr,21.52,12.35,-33.08
ypr,21.58,13.22,-32.66
ypr,20.76,14.38,-32.5
ypr,19.18,14.22,-32.28
ypr,15.32,12.45,-32.05
ypr,10.37,9.77,-31.95
ypr,2.24,5.12,-31.49
ypr,-3.01,2.33,-30.02
ypr,-7.77,-0.45,-27.64
ypr,-12.89,-2.92,-23.46
ypr,-16.46,-3.76,-20.83
ypr,-23.07,-4.89,-16.67
ypr,-26.96,-6.07,-13.84
ypr,-26.79,-6.71,-13.34
ypr,-25.11,-7.15,-12.99
ypr,-23.53,-7.16,-12.97
ypr,-19.64,-7.14,-13.75
ypr,-13.74,-6.61,-16.94
ypr,-8.41,-5.26,-20.02
ypr,0.86,-1.71,-24.99
ypr,6.8,0.92,-28.05
ypr,12.75,4.22,-30.91
ypr,18.59,8.9,-33.63
ypr,20.51,10.74,-33.79
ypr,22.2,12.25,-33.82
ypr,21.88,12.74,-34.09
ypr,20.88,13.88,-35.22
ypr,20.1,14.21,-35.4
ypr,17.74,13.47,-34.33
ypr,15.11,12.25,-33.09
ypr,10.04,9.74,-31.75
ypr,6.13,8.01,-31.01
ypr,2.2,6.08,-29.81
ypr,-3.41,2.9,-26.86
ypr,-7,1.42,-25.02
ypr,-10.63,0.33,-22.85
ypr,-15.82,-0.81,-19.64
ypr,-19.65,-1.74,-17.54
ypr,-21.72,-4.08,-15.85
ypr,-21.28,-5.9,-15.36
ypr,-21.91,-6.76,-14.59
ypr,-21.14,-8.33,-14.01
ypr,-18.68,-8.92,-14.82
ypr,-12.04,-8.21,-18.9
ypr,-2.6,-4.5,-24.08
ypr,3.25,-1.83,-26.17
ypr,9.57,1.33,-28.41
ypr,16.1,5.84,-30.6
ypr,18.5,7.71,-31.29
ypr,22.49,11.24,-32.57
ypr,25.46,13.73,-32.6
ypr,27.11,16.29,-31.39
ypr,26.12,16.28,-29.77
ypr,24.14,15.97,-27.15
ypr,22.01,15.66,-25.86
ypr,18.02,14.79,-26.06
ypr,13.9,13.95,-27.64
ypr,8.66,12.24,-29.77
ypr,6.2,11.82,-30.95
ypr,4.69,12.24,-32.12
ypr,4.75,14.99,-33.16
ypr,3.28,16.64,-33.15
ypr,2.23,18.11,-31.98
ypr,1.99,22.2,-30.48
ypr,2.37,25.67,-28.84
ypr,1.97,30.15,-25.71
ypr,0.4,33.5,-25.7
ypr,-1.7,36.04,-25.12
ypr,-3.52,40.69,-22.05
ypr,-4.88,43.96,-20.04
ypr,-6.75,48.48,-17.95
ypr,-8.21,49.92,-19.06
ypr,-9.8,49.5,-20.64
ypr,-10.72,46.96,-21.13
ypr,-9.51,41.85,-20.86
ypr,-8.67,38.29,-21.72
ypr,-6.01,33.06,-21.02
ypr,-4.5,28.41,-21.08
ypr,-2.79,21.09,-24.13
ypr,-3.55,16.68,-26.54
ypr,-4.83,9.11,-29.43
ypr,-3.76,4.67,-32.12
ypr,-4.72,-2.3,-35.54
ypr,-6.18,-6.57,-37.5
ypr,-7.98,-12.64,-41.75
ypr,-8.77,-16.73,-45.41
ypr,-11.7,-22.17,-51.39
ypr,-16.65,-27.2,-58.51
ypr,-20.13,-31.03,-62.2
ypr,-27.68,-37.41,-67.88
ypr,-35.51,-41.35,-78.8
ypr,-39.08,-40.77,-87.18
ypr,-44.37,-137.37,-92.74
ypr,-47.22,-136.09,-95.07
ypr,-47.05,-136.78,-95.68
ypr,-43.97,-137.8,-92.73
ypr,-41.02,-42.31,-87.86
ypr,-36.28,-40.99,-81.58
ypr,-30.14,-36.27,-78.57
ypr,-24.51,-32.81,-71.68
ypr,-22.16,-31.45,-65.92
ypr,-15.97,-26.02,-61.32
ypr,-8.74,-19.02,-56.7
ypr,-6,-15.72,-51.54
ypr,-2.38,-11.52,-44.15
ypr,0.74,-7.3,-40.96
ypr,1.56,-1.88,-36.31
ypr,1.81,1.57,-33.39
ypr,3.45,6.45,-31.18
ypr,6.19,13.98,-28.95
ypr,7.55,17.42,-27.16
ypr,9.28,22.24,-23.77
ypr,12.12,27.42,-20.62
ypr,13.28,31.93,-16.69
ypr,14.47,36.37,-10.85
ypr,14.87,40.23,-8.34
ypr,13.72,42.5,-3.57
ypr,16,44.86,0.44
ypr,15.04,48.86,6.7
ypr,12.66,50.83,9.66
ypr,11.6,51.79,10.28
ypr,12.7,53.05,9.99
ypr,14.18,53.13,11.34
ypr,13.53,51.83,8.93
ypr,12.26,48.66,4.1
ypr,11.34,43.11,-3.66
ypr,10.19,39.36,-9.32
ypr,6.08,29.87,-16.59
ypr,4.75,23.01,-18.41
ypr,6.35,18.74,-21.3
ypr,5.58,13.66,-26.11
ypr,4.9,9.65,-27.83
ypr,3.22,4.86,-28.02
ypr,0.02,-1.8,-32.5
ypr,-1.51,-5.13,-38.7
ypr,-5.29,-11.68,-46.78
ypr,-7.46,-15.39,-52.43
ypr,-14.09,-21.9,-60.06
ypr,-18.04,-25.78,-64.88
ypr,-21.59,-28.62,-71.67
ypr,-23.62,-30.08,-75.14
ypr,-25.28,-31.14,-77.95
ypr,-28.28,-33.49,-79.23
ypr,-33.18,-38.67,-78.3
ypr,-35.07,-40.69,-78.58
ypr,-34.18,-39.98,-78.24
ypr,-30.49,-37.35,-75.49
ypr,-25.81,-34.75,-68.83
ypr,-21.27,-30.82,-66.07
ypr,-13.23,-22.46,-61.27
ypr,-6.54,-14.52,-54.42
ypr,-1.63,-8.55,-51.01
ypr,5.08,0.51,-46.83
ypr,8.68,6.39,-43.22
ypr,11.84,13.9,-37.6
ypr,12.72,17.77,-34.52
ypr,14.45,23.3,-29.45
ypr,15.12,26.71,-25.71
ypr,15.92,32.07,-20.07
ypr,15.52,34.82,-16.51
ypr,14.52,38.38,-13.29
ypr,14.66,39.82,-10.74
ypr,12.73,42.23,-8.25
ypr,10.57,43.73,-5.84
ypr,8.45,46.23,-3.69
ypr,6.41,51.47,-0.62
ypr,4.3,53.79,2.08
ypr,2.92,54.96,4.12
ypr,2.45,55.59,3.64
ypr,2.47,55.41,1.77
ypr,1.94,51.69,-1.18
ypr,1.61,48.74,-4.09
ypr,1.45,45.45,-7.36
ypr,1.82,41.88,-10.3
ypr,1.19,35.43,-14.3
ypr,1.01,30.24,-16.68
ypr,1.96,23.01,-20.64
ypr,1.71,18.28,-24.14
ypr,0.73,13.39,-27.49
ypr,-2.07,6.18,-32.34
ypr,-3.93,1.01,-35.29
ypr,-4.07,-4.94,-40.23
ypr,-4.48,-8.3,-43.26
ypr,-7.23,-13.91,-47.32
ypr,-9.51,-17.92,-50.1
ypr,-11.19,-21.7,-56.71
ypr,-15.91,-26.41,-60.6
ypr,-19.23,-29.41,-64.58
ypr,-24.27,-32.12,-72.68
ypr,-30.32,-36.49,-76.69
ypr,-33.36,-38.79,-78.81
ypr,-36.75,-40.58,-82.64
ypr,-38.5,-41.56,-84
ypr,-38.26,-41.8,-83
ypr,-36.09,-40.87,-80.3
ypr,-31.64,-36.93,-78.17
ypr,-26.5,-32,-74.57
ypr,-22.71,-28.47,-70.67
ypr,-15.49,-20.63,-67.24
ypr,-8.77,-12.6,-62.89
ypr,-6.26,-8.82,-58.78
ypr,-1.58,-2.9,-53.92
ypr,2.7,2.36,-51.22
ypr,6.71,9.39,-45.31
ypr,7.64,13.41,-40.37
ypr,7.37,17.24,-36.38
ypr,9.16,23.43,-32.46
ypr,10.43,27.49,-28.95
ypr,9.75,32.81,-22.7
ypr,9.8,37.1,-21.71
ypr,9.44,40.74,-23.25
ypr,9.42,44.5,-23.03
ypr,8.71,46.39,-21.11
ypr,8.35,49.44,-20.45
ypr,8.59,53.16,-21.34
ypr,8.4,54.8,-22.06
ypr,9.53,57.05,-22.38
ypr,10.39,58.11,-22.31
ypr,11.6,57.25,-21.53
ypr,12.76,54.07,-21.27
ypr,14.98,48.49,-23.66
ypr,15.14,44.52,-27.59
ypr,12.65,37.17,-32.59
ypr,9.58,31.01,-34.77
ypr,7.57,25.35,-36.52
ypr,4.19,17.52,-38.76
ypr,2.18,12.48,-40.28
ypr,-2.19,3.85,-42.06
ypr,-4.14,-1.29,-43.64
ypr,-5.17,-5.34,-45.57
ypr,-6.57,-10.05,-48.34
ypr,-8.59,-16.13,-51.67
ypr,-9.08,-18.6,-57.23
ypr,-15,-24.15,-62.8
ypr,-19,-28.01,-66.48
ypr,-25.75,-32.77,-75.06
ypr,-32.8,-36.47,-82.64
ypr,-36.41,-37.02,-88.87
ypr,-36.8,-37.15,-89.36
ypr,-35.99,-37.46,-87.37
ypr,-34.59,-37.83,-84.08
ypr,-32.88,-37.39,-81.72
ypr,-30.47,-37.04,-77.07
ypr,-27.37,-34.63,-73.67
ypr,-25.27,-32.44,-71.73
ypr,-20.95,-27.33,-68.31
ypr,-14.76,-20.01,-63.34
ypr,-7.85,-12.47,-56.93
ypr,-1.49,-5.56,-52.96
ypr,5.52,4.04,-44.79
ypr,8.11,9.57,-39.57
ypr,9.32,13.54,-35.37
ypr,13.14,20.89,-30.24
ypr,14.41,26.01,-26.56
ypr,14.05,32.95,-22.13
ypr,14.68,37.08,-20
ypr,16.06,43.6,-16.63
ypr,15.67,46.47,-13.46
ypr,15.4,51.32,-10.91
ypr,15.33,55.2,-9.2
ypr,14.29,60.12,-6.46
ypr,14.1,62.86,-5.12
ypr,13.34,64.96,-4
ypr,11.53,66.33,-0.49
ypr,10.4,66.33,-0.11
ypr,8.95,65.03,-1.11
ypr,7.77,61.58,-4.4
ypr,7.75,58.99,-6.6
ypr,7.69,56.32,-8.8
ypr,7.4,51.23,-11.89
ypr,6.69,46.85,-14.91
ypr,6.66,41.41,-18.22
ypr,7.51,33.48,-22.45
ypr,7,28.25,-25.45
ypr,6.04,19.88,-29.77
ypr,5.35,14.41,-32.53
ypr,4.74,9.44,-35.42
ypr,2.27,2.12,-40.33
ypr,0.06,-3.1,-44.05
ypr,-1.61,-7.82,-49.02
ypr,-5.88,-13.77,-58.18
ypr,-10.63,-18.55,-62.85
ypr,-19.66,-26.75,-69.88
ypr,-28.02,-32.14,-80.24
ypr,-36.35,-37.62,-87.2
ypr,-41.84,-139.63,-93.02
ypr,-48.84,-136.89,-100.83
ypr,-52.48,-134.55,-103
ypr,-53.42,-134.07,-103.36
ypr,-52.66,-134.23,-101.97
ypr,-48.75,-135.28,-97.16
ypr,-42.7,-43.73,-87.92
ypr,-37.43,-40.96,-82.56
ypr,-27.29,-33.25,-76.55
ypr,-17.2,-25.27,-68.06
ypr,-11.18,-20.67,-61.14
ypr,-2.8,-12.82,-55.57
ypr,2.79,-6.07,-52.93
ypr,5.12,-2.78,-50
ypr,6.38,-0.44,-45.68
ypr,8.79,4.02,-40.41
ypr,11.07,8.2,-38.89
ypr,13.28,12.19,-37.8
ypr,15.61,16.4,-34.12
ypr,17.37,20.04,-30.81
ypr,18.81,26.86,-26.84
ypr,19.61,30.52,-24.66
ypr,22.3,37.12,-21.14
ypr,23.2,41.91,-17.66
ypr,23.48,47.28,-9.81
ypr,23.85,51.03,-4.66
ypr,22.08,58.19,1.76
ypr,20.51,60.81,5.24
ypr,18.87,61.21,8.5
ypr,19.06,62.02,9.14
ypr,18.34,61.42,8.19
ypr,17.02,59.15,6.65
ypr,16,56.54,4.29
ypr,16.24,52.8,-1.54
ypr,17.56,49.77,-5.62
ypr,17.97,43.86,-11.95
ypr,18.14,38.55,-15.95
ypr,16.48,29.11,-24.13
ypr,16.6,23.17,-29.77
ypr,15.03,19.04,-38.67
ypr,12.11,14.6,-42.56
ypr,5.66,5.72,-49.25
ypr,1.24,-0.28,-51.9
ypr,-2.33,-5.02,-55.28
ypr,-8.21,-12.39,-61.27
ypr,-11.47,-16.73,-66.09
ypr,-16.21,-20.67,-73.63
ypr,-23.2,-26.2,-78.25
ypr,-27.52,-29.06,-83.83
ypr,-33.46,-34.11,-87.27
ypr,-36.87,-37.59,-87.14
ypr,-38.44,-38.52,-89.73
ypr,-38.17,-141.98,-90.48
ypr,-34.48,-34.73,-89.31
ypr,-30.19,-31.82,-85.45
ypr,-26.63,-29.18,-82.53
ypr,-18.28,-23.16,-74.3
ypr,-6.4,-12.05,-65.7
ypr,1.07,-4.81,-59.55
ypr,9.66,3.39,-50.97
ypr,13.96,7.93,-46.36
ypr,18.39,13.48,-38.81
ypr,21.41,17.96,-34.54
ypr,25.01,22.74,-29.89
ypr,28.54,29.19,-21.37
ypr,30.57,32.18,-15.92
ypr,32.16,35.18,-9.76
ypr,32.95,35.39,-6.39
ypr,34.48,36.27,-2.36
ypr,34.47,37.6,-1.84
ypr,34.93,38.25,-2.78
ypr,35.43,38.16,-3.57
ypr,37.18,37.68,-3.37
ypr,40.17,39.36,-2.55
ypr,42.05,39.66,-0.39
ypr,44.84,39.05,4.36
ypr,45.34,39.17,6.44
ypr,45.04,37.58,9.06
ypr,45.75,37.01,10.71
ypr,42.33,38.54,9.79
ypr,40.61,37.82,8.82
ypr,40.39,37.39,7.34
ypr,41.82,34.93,6.47
ypr,42.29,34.35,6.17
ypr,41.77,35.78,5.69
ypr,42.22,36.57,5.93
ypr,42.45,37.04,6.75
ypr,41.48,36.13,7
ypr,42.75,33.63,7.11
ypr,43.93,32.84,1.29
ypr,47.85,32.26,1.53
ypr,50.02,31.73,7.69
ypr,54.75,27.57,15.17
ypr,56.18,25.64,17.41
ypr,57.31,23.73,17.6
ypr,54.8,20.89,15.7
ypr,51.42,19.26,13.88
ypr,48.7,20.53,9.5
ypr,42.05,25.13,-1.54
ypr,40.89,24.3,-3.76
ypr,40.46,21.73,-4.79
ypr,39.93,19.9,-6.43
ypr,39,18.1,-9.06
ypr,37.91,15.39,-13.33
ypr,36.58,13.92,-15.99
ypr,35.14,10.66,-19.82
ypr,35.23,7.37,-22.09
ypr,33.3,1.52,-27.74
ypr,32.19,-1.26,-31.08
ypr,31.71,-1.01,-30.86
ypr,28.17,-2.7,-31.41
ypr,28.81,-6.3,-32.97
ypr,26.03,-7.17,-35.21
ypr,24.49,-8.14,-35.99
ypr,24.21,-9.85,-35.69
ypr,24.63,-10.42,-35.14
ypr,25.81,-10.66,-34.28
ypr,26.57,-6.39,-32.09
ypr,26.42,-1.83,-30.72
ypr,26.78,5.59,-28.53
ypr,27.62,9.78,-26.81
ypr,28.61,13.72,-25.06
ypr,29.16,19.86,-22.79
ypr,28.53,23.85,-21.55
ypr,27.68,28.99,-20.38
ypr,28.31,31.04,-19.39
ypr,30.32,33.17,-15.46
ypr,31.42,34.34,-13.98
ypr,32.06,34.84,-12.83
ypr,30.89,35.32,-13.16
ypr,27.73,34.67,-15.06
ypr,25.93,32.78,-15.95
ypr,24.53,28.64,-16.66
ypr,24.55,25.27,-16.37
ypr,25.44,20.31,-16.09
ypr,26.98,17.46,-16.83
ypr,29.69,12.46,-18.66
ypr,29.7,11.06,-18.42
ypr,29.28,9.35,-19.01
ypr,29.53,7.7,-20.31
ypr,29.4,6.8,-23.06
ypr,29.23,7.36,-23.8
ypr,28.99,8.32,-24.49
ypr,28.9,10.58,-25.61
ypr,28.63,12.24,-26.38
ypr,28.1,14,-27.41
ypr,27.94,13.57,-27.81
ypr,27.91,5.92,-29.08
ypr,28.92,-0.51,-30.73
ypr,27.91,-3.5,-32.37
ypr,25.53,-4.78,-33.29
ypr,22.61,-11.82,-37.13
ypr,22.36,-14.07,-38.58
ypr,21.13,-13.06,-37.23
ypr,20.82,-12.76,-36.93
ypr,21.34,-12.86,-36.42
ypr,21.57,-12.72,-35.46
ypr,21.49,-11.35,-34.7
ypr,21.66,-7.2,-33.98
ypr,22.08,-2.98,-33.35
ypr,22.73,4.51,-32.52
ypr,23.03,9.25,-32.59
ypr,24.07,15.05,-32.61
ypr,25.32,18.32,-32.27
ypr,27.1,23.7,-31.47
ypr,27.76,26.57,-31.3
ypr,28.16,28.37,-30.58
ypr,27.89,27.94,-29.7
ypr,25.84,23.61,-28.83
ypr,24.07,17.22,-28.25
ypr,24.14,6.22,-26.21
ypr,25.63,1.15,-25.65
ypr,25.02,-1.82,-25.65
ypr,22.6,-8.19,-27.05
ypr,20.73,-12.96,-28.86
ypr,18.87,-15.45,-30.41
ypr,14.65,-22.33,-30.9
ypr,10.78,-27.71,-31.32
ypr,8.23,-28.4,-32.76
ypr,7.21,-27.93,-33.94
ypr,7.34,-25.84,-34.15
ypr,8.66,-22.42,-33.62
ypr,9.69,-16.13,-33.62
ypr,10.35,-10.53,-34.25
ypr,12.36,-0.46,-35.47
ypr,13.67,5.38,-36.6
ypr,15.76,12.22,-37.28
ypr,17.21,16.27,-36.22
ypr,18.75,22.36,-35.89
ypr,19.78,26.33,-36.63
ypr,20.57,31.21,-37.77
ypr,20.6,33.26,-38.41
ypr,20.13,34.35,-38.62
ypr,19.55,34.01,-38.17
ypr,18.62,32.07,-37.37
ypr,17.96,29.87,-36.95
ypr,16.77,25.74,-35.66
ypr,15.79,22.19,-34.34
ypr,14.62,16.94,-33.18
ypr,14.28,13.58,-33.1
ypr,13.6,7.61,-32.93
ypr,13.14,4.13,-32.12
ypr,13.02,0.43,-31.4
ypr,11.9,-7.33,-32.17
ypr,11.43,-12.11,-32.92
ypr,11.12,-17.44,-32.78
ypr,9.04,-21.97,-33.55
ypr,7.4,-23.02,-34.87
ypr,6.26,-23.52,-36.21
